4.450281078499463,3.3501466389370798
0.11708652388303165,-3.272085969623799
0.4870465481406221,-4.537736809008306
-3.0885942617262074,4.150991657145289
-1.430514364261104,0.903694843379772
-3.067075081949482,2.271458101734285
1.9611324332365214,-4.304744980263704
1.8239611340208484,3.741936608394889
0.1216031257492407,-0.9321094252347191
-3.312651700857079,-4.89919055041959
3.0144104148348134,2.174859027552978
-4.4962194284202734,3.199421872844928
-2.911866422714784,4.572064405371908
-2.881935986048594,3.792579753924608
-4.420625463420141,0.237891451907279
2.4868342525401443,1.3533459166573358
4.1297959614749065,-3.032515559162323
-0.801606722881063,2.718213651038921
-2.318733222108078,-3.242613172883868
-0.5822982168439399,0.48953584192844346
6.853667705841942,6.547603866096083
-0.029417700732661395,-3.2629069589712394
0.6488582202786644,-8.534462591790994
-3.3568341181985355,4.090594994287173
-1.5582275072571417,0.6424131824283337
-2.6402730852487486,2.162874861040571
3.122540460512784,-8.132424616045448
1.6703112221730583,5.765733651062021
0.2949020282482968,-1.0923221535885628
-5.091575708645856,-8.48184729849255
3.550751947062418,1.8591030798456694
-6.908863342798147,6.389899790401389
-3.0781974495434405,8.56860465782954
-2.5291920294583514,3.6751208356434653
-7.53836800084127,-2.2680378109321286
2.132007317420994,1.2918411061390005
6.49956985638884,-6.254963648268561
-0.6809081699173261,2.829952575144411
-2.1913358119713457,-3.144588129580185
-0.48267465089102485,0.4270397857640853
9.239026698813387,9.758532466150942
0.13634972686738964,-3.6174325777605496
0.6520457565765931,-12.534461321742336
-2.8150423868570438,4.853647547487514
-1.634862602199179,0.4856424666606593
-2.3847973073479243,2.097595842615754
3.8968730316447644,-12.056760110021994
1.4403886525819523,6.265058540489808
0.3988821859021365,-1.1884500131194895
-6.680130726246498,-12.15288161541957
5.261427230744744,1.3336317410554428
-9.212151438655166,9.660200074394183
-2.996612736262745,12.5677725631017
-2.2178020191116334,3.9039240732138283
-10.334095540684165,-5.128790775269314
1.9457138541881989,1.374427266209298
8.886849572618873,-9.464464474951217
-0.522776860360214,2.897135308892966
-2.1150949959556886,-3.4828442477093238
-0.4229005113192758,0.3895421520654704
11.616190320678998,12.975533105703066
0.28246854295175966,-4.3635560692784505
0.621370557816354,-16.534343699035574
-2.4100158571084367,5.468225874734706
-1.6808677215516803,0.39156989547113435
-2.2365495591451423,2.057960102390054
4.535855918061065,-16.00539289503342
1.2092099050111358,6.7286482269856736
0.4612702804944403,-1.2461267288380455
-8.204643572609228,-15.850970389539928
8.48982197800545,0.9523209900267964
-11.503176346876073,12.939103072335932
-2.877107355499877,16.56598697255609
-1.9978932966195688,3.941417848059169
-13.02342078888194,-8.089792245955538
1.8339354197815647,1.4239854845000344
11.278489424033749,-12.670717556216674
-0.36385311665896736,2.987362669378637
-2.0190716985345696,-3.9797763501220063
-0.3870360275762264,0.36704357184630143
13.987420036393086,16.196910083846806
0.4102761146912849,-5.282234236482986
0.5901829940391208,-20.53422211417092
-2.14849288586041,6.170872914185104
-1.8091699150314207,0.23483598791087776
-2.188770166595693,2.032362111706513
5.090803766061793,-19.96670995959659
0.9940418184455124,7.515599701734345
0.4987225778075325,-1.2807393531632527
-9.600006928986556,-19.599698320942714
12.483820970012703,0.7332957589572737
-13.791560048067781,16.219849944028432
-2.7476168599160484,20.563890449574195
-1.7990483342989378,3.964148675744933
-15.645333418436365,-11.110648773992413
1.7669674589884055,1.4537229748899732
13.67215415302145,-15.875459225244029
-0.13017032609918855,3.12423175498671
-1.9389238716719066,-4.586637071735597
-0.4321530687846797,0.4201652149857429
16.32744510099803,19.44102517074194
0.4011918788702933,-6.51643669034174
0.5595905850686587,-24.5341051255243
-1.9846082647897023,6.7220181778183115
-1.8081569834263456,-0.0991404848993728
-2.018474156885814,2.019904191911886
5.572610838519998,-23.93758668205087
0.7690785607139408,8.56122977452078
0.6262317942517428,-1.4949771719256577
-10.85380493167564,-23.398117803892546
16.48243978065191,0.6281881607433963
-16.083462364117278,19.49813970756169
-2.6161668357953216,24.561729977514087
-1.7195537373465535,4.0575072197812405
-18.21452517201899,-14.176469012252157
1.7275303187927948,1.47165297969244
16.039799166572593,-19.099471801182034
0.09905437910787851,3.3395665529438188
-1.8465097630469942,-4.900268700345311
-0.4592232935097516,0.45203820086940777
18.54968604457612,22.76693033906607
0.3090714063240137,-8.03224542236422
0.5304857888473989,-28.53399923797739
-1.7736896787328236,6.879393278174348
-1.8104115963896867,-0.45998487063273263
-2.043115643820793,2.0137048544125373
6.0074826209777274,-27.91387723139734
0.5749586595651672,9.7940820357078
0.7421364782343179,-1.8290241687018405
-11.970432459529375,-27.23909983509749
20.48170518789758,0.5515317689153401
-18.379530758498003,22.773512957792253
-2.4854716931379697,28.559594254810875
-1.6320021628052637,4.233919305467633
-20.740342157168747,-17.278121564929357
1.7072857426931085,1.4827810002030428
18.295226355259288,-22.402962106379377
0.2983914509220501,3.5218188832208375
-1.6789612475378854,-4.817812267028902
-0.35548621431748717,0.43117808072040253
20.64788609914236,26.17244887976119
0.22310291003149896,-9.693105158023924
0.5024156015839817,-32.53390074483815
-1.5196481300899973,6.969968397161643
-1.7838313560396055,-0.7575492190139901
-2.3118680677748085,2.0201883053512004
6.459332110974244,-31.888274297417528
0.4004310645358412,11.25991676370696
0.9133912610124909,-2.12877353488086
-12.970913715741347,-31.111958889590504
24.481175631272055,0.4864458827802999
-20.680730268082733,26.045283245738368
-2.3572652842433883,32.55753911645146
-1.5412262364005296,4.219335431931869
-23.23388155678295,-20.405782234275
1.7067563885267467,1.4910732487459941
20.42816118804103,-25.786834000985664
0.5414681185618353,3.818913810789828
-1.4312874200874157,-4.828711809360173
-0.29324396680212855,0.4186620086309994
22.655456041913457,29.632168944286942
0.15650959559780014,-11.40906729621363
0.47537728533423496,-36.53380935997605
-1.2885196105498995,7.142483969293002
-1.7795598898702796,-0.9430113347080248
-3.0870441307255563,2.03649389470037
6.908048282679918,-35.863026339652336
0.2944453294973245,12.79341071372287
1.0681155838850727,-2.3683081775186006
-13.883733231698574,-35.006411422525986
28.480719557657984,0.4260440540874581
-22.988065180284572,29.31272958851655
-2.2322451820849443,36.55558488583133
-1.4845104906226756,4.210385537384705
-25.698766641743845,-23.556074525148553
1.7391748323854304,1.5002524357599583
22.474050655355974,-29.224032902348483
0.7602346389798319,4.17851523504319
-1.1533336766276039,-4.991247480590767
-0.2330721722710164,0.42242865214647635
24.594774961678883,33.13060318369175
0.10966789093249589,-13.040792326661027
0.449368560180547,-40.53372480235928
-0.9782752762830242,7.4667420038148835
-1.7384691728645703,-1.1661449593943403
-6.208199439442283,2.018792918693239
7.393925007792639,-39.83340715362897
0.20378255569988346,14.397341694586148
1.1858115833575407,-2.5180839619094955
-14.730651728432086,-38.91572454120689
32.480520489098076,0.3861378033116535
-25.30212194382674,32.57541886196947
-2.110651573344765,40.55373633297707
-1.490544133440273,4.124931681857147
-28.140275907726338,-26.72451775552552
1.818325563815385,1.5102449036032821
24.45045898700785,-32.70164848009382
0.9041801692278437,4.398156456638105
-0.9045996382853982,-5.356198123007534
-0.23975359375063443,0.5031252633732871
26.479069614227985,36.658978682752874
0.08809835416064074,-14.756400451725106
0.4245128450586068,-44.53364757579201
-0.7211086887215485,7.854200412994296
-1.6717682504311626,-1.384759598761309
-10.205808340027717,2.157079136228168
7.9318845206839,-43.79706702330621
0.1529646695433922,16.088677128912494
1.307842480230901,-2.620655655567766
-15.542357157733058,-42.83250054910463
36.48034265840121,0.34842024836469865
-27.62153531925421,35.83430235081778
-1.9932234796253085,44.55201229178799
-1.5229903054878071,3.9589531107432414
-30.56139021348233,-29.90857264174587
1.9864795159890578,1.5227260404535972
26.37031751365005,-36.21079983586052
1.01777099734588,4.538402644636705
-0.6575531697857753,-5.868571265377654
-0.3213887462703108,0.5682048514238983
28.323599391666523,40.20830395668066
0.07889558670726995,-16.541910076820344
0.4002722467265013,-48.53357412429168
-0.5215823533755917,8.374619451868513
-1.6320949149040775,-1.5159915545319544
-14.203098835394606,2.3042820426177553
8.453662673861714,-47.76288945489166
0.13797300092145265,17.813282915195728
1.4177849368905846,-2.744995929263944
-16.370801129311108,-46.74577035656181
40.480155346296236,0.30971027866722806
-29.939758017141187,39.09403294137302
-1.8801768314723564,48.55041452960016
-1.491107251276443,3.9280327068145287
-32.9589022387847,-33.110437112414566
2.3240868035388402,1.541337494928409
28.24488749736082,-39.74435150184343
1.136130596866744,4.747119004571191
-0.4627852545172383,-6.451551627268825
-0.37037069013258606,0.607252715571688
30.12744565491977,43.77847743405501
0.0943648179129117,-18.300885915262946
0.37700369703219117,-52.53350644554352
-0.361258767397559,9.006880041402015
-1.6309401867716327,-1.708325009234473
-18.2005975195599,2.445718495121146
9.103852566175085,-51.70969235140595
0.15057124261474508,19.6256563108233
1.604827389683935,-2.8591641080758383
-17.22591980927928,-50.65329796915388
44.480137585759124,0.2977903801169394
-32.246533007952074,42.361874605494684
-1.7712492889184714,52.548931103340124
-1.4551173526004058,3.9935272402784303
-35.325545679628995,-36.33518498223457
3.218148100395793,1.6355490115565956
30.07935331701477,-43.29888876519029
1.2463482637856111,4.889865468426862
-0.3156840438398886,-7.043894943231721
-0.34199210534992597,0.6440512303555356
31.905307611081877,47.36166133455907
0.12892428476974846,-20.019928023967235
0.35389724831690345,-56.53343970649023
-0.24838928166805563,9.65321329806064
-1.5440251107076601,-1.9041487652058777
-22.19726352037579,2.6090000860072986
9.8445353356815,-55.64051784167594
0.17934713553788584,21.426566065162916
1.793115621429848,-3.0620505508457283
-18.154899152989977,-54.54392740138703
48.480082300893436,0.27676002422153856
-34.527915418579035,45.647493922530956
-1.6661536058392947,56.54755022716251
-1.3848273464657834,4.0299093000776995
-37.65376771441589,-39.587781200140014
5.396426923472118,1.8129556016743256
31.88090440192146,-46.87022096599037
1.2421859500705483,5.0495676084574095
-0.22422790786569557,-7.681243546188805
-0.27778109119847,0.7133579638786984
33.6531410064766,50.95958829628896
0.1848279660994983,-21.690546673230305
0.33080487611342957,-60.53337304872807
-0.16160409402078607,10.318150150472961
-1.503380519403696,-2.2214056871738306
-26.19447586774009,2.7583099988677686
10.767971191500973,-59.53246673910341
0.20739079231926844,23.10997570569351
1.584508206893888,-3.2227318279203243
-19.195051300482017,-58.40632089636753
52.48005618008687,0.2623043758363364
-36.76952705730207,48.96037443066001
-1.5655505074406406,60.54628490410628
-1.3722707174072293,4.1478075387132325
-39.9294572149569,-42.87734611014368
9.396029672820632,1.869328000982983
33.65831618988954,-50.453628190405716
1.207361652431112,5.117662838157996
-0.14803538454962215,-8.342447501716727
-0.09179935302859599,0.7026696829991783
35.374775467949114,54.570124929681604
0.21581880355883823,-23.460500230310924
0.30793123983753384,-64.53330764778886
-0.1271782509043943,10.99110078275109
-1.4896634115977796,-2.4970709361137895
-30.19111163739289,2.922329890136342
11.98276251851404,-63.34354034529548
0.19235452554159796,24.691038904328433
1.4440016642121614,-3.377052613720177
-20.328828311825838,-62.24227575644452
56.48004251598455,0.2518491076987532
-38.949798865628665,52.31394191049641
-1.4686183739767873,64.54511025181804
-1.3662578519700128,4.300675605975417
-42.1427096042111,-46.2092395450333
13.39589206441126,1.8361489663542327
35.41769970655964,-54.045921279961405
1.21022006148111,5.23625605305594
-0.14483975305387028,-9.13239349148882
0.0197935294062363,0.6962570758049703
37.08000452987459,58.188438604083636
0.19278991367752088,-25.138988471658767
0.2843903140008603,-68.53323837529037
-0.1253050554893534,11.625500703895808
-1.5457029015120272,-2.7660527819890275
-34.18704135229282,3.102734196015527
13.31825231601029,-67.11401339264424
0.15822306906315678,26.255462343030647
1.3218268266583268,-3.5959662986552967
-21.582253975027168,-66.04081812251447
60.479995370474725,0.27126976309229156
-41.05714945389911,55.71380565748925
-1.376557699938286,68.54405071552785
-1.3895377810274783,4.395099452234074
-44.28137168783949,-49.58949463778152
17.395742076562804,1.801509678092364
37.17361061426897,-57.639913055715404
1.2069203781490072,5.375263296249608
-0.1262569384676634,-9.992617662733437
0.08677796340062081,0.6924112586660043
38.77022707322269,61.813786553447656
0.14230468950549535,-26.731024368933653
0.25918220188991725,-72.53315894338716
-0.11785455470794465,12.326655012644258
-1.6491916150888588,-3.020178955092622
-38.18237893812652,3.2958082109024542
14.676168977896042,-70.87646768995776
0.10514738865539947,27.82855599945565
1.2505760330491917,-3.886583827967148
-22.918842437585663,-69.81090184595557
64.47945717763054,0.3368841906369007
-43.078756647508314,59.165342178337255
-1.289554072814132,72.54310439969704
-1.4565846771672815,4.636902288265737
-46.33710906173571,-53.02081272993886
21.39492162590687,1.7204977523764597
38.933609921436755,-61.2319044864915
1.1280894189699004,5.570821743580723
-0.14722924608406496,-10.784334319918141
0.11885347258061352,0.6817731956404913
40.45578469754315,65.44130574638037
0.06324179224576339,-28.38178370916973
0.23417419775156398,-76.53308076758935
-0.15942304493276258,13.198198353704678
-1.888030848491149,-3.3595068039064473
-42.17813902830022,3.4799312723995315
16.05955340537335,-74.6296326911019
0.039661255822465324,29.76402447480733
1.139642171043386,-4.237322331918354
-24.281368184318602,-73.57168947482933
68.4479949031636,0.8375920106485613
-45.00713348371195,62.669819711093496
-1.2085607358786135,76.54228432555335
-1.6027263650103147,4.793584917336882
-48.302068364788354,-56.504910165049836
25.39356499569006,1.6163286528845595
40.710054217155474,-64.81579143563044
1.1074780529782686,5.889487457272665
-0.18866514502799184,-11.622698677944832
0.13167715384646722,0.6885504387083051
42.13254128604277,69.07290144839939
-0.0171280870542541,-30.31080181456622
0.2093902444182595,-80.53300398630958
-0.19764123416841126,14.040927791217866
-2.4039226611754487,-3.5400762593799633
-46.172688513304074,3.6886761210915626
17.463713652037573,-78.37507445432395
-0.07481967522994008,31.78103693848921
1.0679977238289404,-4.592514501804578
-25.64566417863621,-77.33183527517922
69.00105481494583,4.799173100816909
-46.83170025358609,66.22944835777436
-1.1353014498802874,80.54161340391325
-1.9306838057261928,5.081284925610341
-50.17454535147262,-60.03957138422457
29.391188426529688,1.478463119838764
42.52424136545277,-68.3807213074446
1.0223159112237348,6.262034303266164
-0.2892915820019062,-12.508662374203418
0.17089747868069122,0.7759421428970916
43.70516602458301,72.75078826445711
-0.17292321301070956,-32.46606213851648
0.18476618505895853,-84.53292819255408
-0.3054047093264025,14.86500635756447
-3.299159387314862,-3.8968457836342987
-50.165930580464924,3.9210934032737113
18.890106092042785,-82.11210597775214
-0.19253630881949824,33.94493339445721
0.9993148101305313,-4.904599862283933
-26.99991385394705,-81.09561101463561
70.6711039803402,8.433858202055472
-48.548022545044645,69.84251323289665
-1.064910063194086,84.54099398753871
-2.593192630059501,5.312729389659816
-51.95511053049978,-63.62141276028186
33.382188038511515,1.2102801651960036
44.33138638835518,-71.94922615768637
1.0001331478676083,6.65459880284471
-0.35155558557167566,-13.43397558750313
0.19248356938542538,0.777828981957623
45.19349741757323,76.46358635547146
-0.33171317141160894,-34.748022026115194
0.16040623838587853,-88.53285401599108
-0.3908023965209027,15.856749520656257
-5.35989362320658,-4.414205119960853
-54.15678626669146,4.191409684162093
20.34446793303857,-85.83834156282393
-0.34514529322102044,36.50478565668433
0.9425268195488563,-5.274511375965106
-28.357413534664403,-84.85821577953615
72.02084270272282,12.199253982222672
-50.15137169057667,73.50711027998406
-1.0071544332132503,88.54057700170475
-3.955742635029171,5.709407247591482
-53.64547532454043,-67.24669438562739
37.06774324316406,0.747720812308786
46.15443423501138,-75.50963295309643
0.9259334937517509,6.971796677131268
-0.47245679037648997,-14.321197065542
0.16885879334067347,0.7428896739392785
46.60564336107788,80.20602457596934
-0.5352964131434356,-37.39083679945681
0.1363612600419851,-92.53278174521525
-0.4211606980771414,17.00149800679501
-9.255769843396846,-5.32092915568286
-58.045044019790176,4.531970858275416
21.833286727081486,-89.55094423460346
-0.5193384396770109,39.34796323397732
0.7190379555644292,-5.636333288658512
-29.713341185071872,-88.6213873417773
73.3337323326951,15.977655869199655
-51.64008018204484,77.21975718312885
-0.9530772794803558,92.54021144268108
-7.090737877136474,6.589883601709424
-55.25518545881852,-70.90850176499656
40.124479003158044,0.1539579204996392
47.97393843419747,-79.07185199031805
0.795006048699135,7.297216387800715
-0.3429217699935874,-15.324765897807374
0.11707305452204075,0.6453530715252854
47.941541354771665,83.9763530166287
-0.651709560465539,-40.3552456008353
0.11241773445090397,-96.5327100830211
-0.16704111719570525,18.185383310677523
-13.023186832864805,-6.66501591905351
-61.29303558328491,4.924104180000914
23.337893175311937,-93.25717674699976
-0.7051011322669207,42.36491289491276
0.5636990614089004,-5.968165839098733
-31.066949586916934,-92.38539375708193
74.59141817135321,19.774789831971955
-53.01575326119156,80.97575552968213
-0.914857178831112,96.54002884150148
-10.747694450742623,8.210583641432624
-56.79228918779896,-74.60137491829528
42.71461614154701,-0.5263488168181777
49.79164820802475,-82.63498701135399
0.669322997020969,7.637642050391012
-0.06229115907192473,-16.42645549478199
0.07038750276095519,0.712873871225263
49.21078949171267,87.7696377629761
-0.5780618234051947,-43.821541191708675
0.08963046284193839,-100.53264517502605
0.1850917095717698,19.302197682769965
-16.681933406301983,-8.281670956889881
-63.95975448003589,5.4014297831016345
24.862464936453872,-96.95524123333969
-0.7436253304931482,45.77799112982806
0.48655519370807215,-6.360504640287038
-32.415535882698386,-96.15120243555067
75.80858648070874,23.585104951053395
-54.29429591802222,84.76591762049888
-0.8810563421206331,100.53988602688169
-14.32210383378135,10.006021627675732
-58.28580955828209,-78.31208871795053
44.92527549960359,-1.2425616926720713
51.59966043856885,-86.20305256206952
0.6120444934877045,8.004442481866409
0.21426202223351903,-17.645759147505498
0.10337290481180504,0.8242751119006448
50.41924074492553,91.58272648061805
-0.3936884318694331,-47.56500653856898
0.06692707794849012,-104.53258074404643
0.604627599223289,20.500448143279616
-20.24833831428489,-10.092956696997012
-66.11600646846756,5.931047081206521
26.415780033413157,-100.6413248202322
-0.5751932751939569,49.4479960703537
0.4979652671961851,-6.676793805525702
-33.75576855698709,-99.91999221196019
76.98990925167647,27.406685319277145
-55.4907185704656,88.58279760770314
-0.8685441283047074,104.539866457397
-17.81543883254955,11.954510936443214
-59.75583520262709,-82.0321726692839
46.87370598188117,-1.998830564250634
53.40462078171969,-89.77266292731287
0.5981942383775628,8.375119094876204
0.4707156055976223,-18.803886801211416
0.14912574657319622,0.8911983448687499
51.57163997561163,95.41312802786007
-0.11966199080131157,-51.55560918849487
0.04460411033300797,-108.53251845420102
1.1179346788050646,21.844264402257032
-23.73001580560835,-12.062200675383535
-67.81685005431927,6.502754065112883
27.988760784699373,-104.31905938869728
-0.26798808805377594,53.11063811433543
0.5037818545779255,-6.975246916072058
-35.09487689709299,-103.68918162793
78.12573415507981,31.242034298028464
-56.61443186477501,92.42171261486237
-0.8634449092621705,108.53986320714132
-21.22331081208406,14.048886397315396
-61.22047188446139,-85.75438160890906
48.57074543102844,-2.740009658056533
55.205664300973176,-93.34425112330565
0.6126351897196529,8.785490490907117
0.7383091609372365,-20.106644046245723
0.2169819240530733,0.9315448849708106
52.668814259533654,99.25971204367204
0.19528261949163472,-55.44391222945132
0.02390883434340775,-112.5324649170367
1.7098038374468585,23.286864003481
-27.1188732042323,-14.187205506387857
-69.17175732628513,7.129192829138632
29.589163209000812,-107.98494428600245
0.13100401698380604,56.73907659109628
0.5623644840808836,-7.461649547063496
-36.42950725313256,-107.45995897653303
79.16016390749007,35.10596430351879
-57.66863555838674,96.28029455287735
-0.8751484952964111,112.53984608536392
-24.552907917525022,16.265591861611263
-62.68692601289156,-89.47587489644971
50.10022187204045,-3.4511173744234642
57.020063087368484,-96.90907328491866
0.6483368390376291,9.214654044490935
1.033712092989688,-21.43979615008672
0.26722213977017784,0.8302869882077785
53.72645911409606,103.11735217225035
0.5200399032830877,-59.06025395796337
0.0009593237137404537,-116.53239908149015
2.4694499777038295,24.768488804362278
-30.41256763851335,-16.456914072170264
-70.25829818127822,7.850230845059068
31.233837772179967,-111.63118146715667
0.5588533657706595,60.302125357861954
0.6150652753045126,-8.02127984732522
-37.78060653648504,-111.22486677441128
80.13579630092784,38.985157703295975
-58.64860348502036,100.158394972254
-0.9009584049624134,116.53976281556757
-27.80472083006634,18.594907808800386
-64.17997245529153,-93.18677941163692
51.45003044389871,-4.113300965582845
58.86682269609154,-100.457238859915
0.7225776623391604,9.77096800222579
1.368262050605391,-22.910945878103377
0.31839360700283065,0.8204383156882252
54.72396962404329,106.99097744872519
0.8462516904326447,-62.5118526383994
-0.02191016192223038,-120.53233370428423
3.4137349775180055,26.304157141205586
-33.603217715750205,-18.86933030587216
-71.11910481354023,8.662416337743645
32.901914158406974,-115.266772364069
0.9679646387625386,63.74065807362521
0.6873282551580967,-8.548625238150336
-39.15406915474766,-114.98167398748932
80.98277952359051,42.894456799109435
-59.553701244956365,104.05464933317025
-0.9321953518164322,120.53964084535188
-30.97503790214001,21.03398338420149
-65.70140369195018,-96.88613705751537
52.66625471333718,-4.735754416680407
60.754631310739335,-103.98373551161644
0.774244031570647,10.372564249247727
1.7473246776213822,-24.352135722565734
0.3981325778883792,0.8885774402402146
55.65827939712352,110.88033025451779
1.155605441401507,-65.83828856766974
-0.04261281547940805,-124.5322801289424
4.669007931567032,27.87683855727075
-36.67677363894962,-21.429262724309375
-71.84493771716458,9.652291541074602
34.63455205378159,-118.87204155284142
1.3211053009490579,66.97557286940969
0.6969724339535815,-9.051123481352391
-40.545969779801716,-118.73168900745578
81.63690167836526,46.84060988871871
-60.376605711028525,107.96908776540015
-0.9939465640002275,124.53916416542314
-34.054620868781946,23.58666212457774
-67.27735673874994,-100.56259894284514
53.73100423591602,-5.375992387832209
62.767480312583864,-107.44038691084279
0.79223482938099,10.949457659921562
2.199568055123436,-25.83988238423852
0.46047217582058336,0.92403866472692
56.53083768396974,114.78400058333091
1.4394752175134145,-68.92255997529986
-0.06651885260402741,-128.5322086909781
6.308460068984014,29.629832265392388
-39.614232305525576,-24.144283273431938
-72.48178031437405,10.739277136831895
36.45753303812955,-122.43248258320631
1.6019219902321935,69.90136344522585
0.7588955223541531,-9.731787967135205
-41.993653825505874,-122.46052406733892
81.87335323717758,50.16572294046885
-61.08554221106507,111.90576263626717
-1.0534752788816957,128.53872118240696
-37.01765625161359,26.273746291493204
-68.78924025064646,-103.90530538392711
54.67883859174026,-6.057585704504013
64.33425013198442,-109.75333864316916
0.7598775027440892,11.58575460975145
2.7137979065936486,-27.261378070423465
0.4981216328568096,0.8012839717207633
57.16396199272552,118.20608927227127
1.6924194007564466,-71.6888057578398
-0.09265158140724014,-132.53212332512786
8.481754193996515,31.551825197562387
-42.41602608494444,-26.999095284337344
-73.08542103206162,12.081397641749463
38.26774331741728,-125.99943348625516
1.7954880570880005,72.76572100685432
0.7458651753420132,-10.324267896904685
-43.48846264350844,-126.17071902146489
81.59677971821642,52.31684033752348
-61.64149493420209,115.86693879615157
-1.1107696205531943,132.53831083116
-39.83756371719594,29.11066748982652
-69.89736768158906,-106.11559718227763
55.490178732310895,-6.904766557017432
65.53900012065299,-110.78331127170198
0.6857106090075105,12.408786039639484
3.3007997381526346,-28.753736696480463
0.4666297950146844,0.8737153509533775
57.60971295072567,121.11859816972303
1.8556138237179882,-74.41114870723132
-0.11805625165846123,-136.53204264965547
11.319679579102932,33.75119638668082
-44.871411213835884,-29.736276035115413
-73.66783525766067,13.581601719960506
40.05945653647277,-129.57571140340056
1.8497031572721019,75.39941485494124
0.6928028646746858,-10.905935966025007
-45.011821893968445,-129.86928314745188
80.95226174423942,53.5845062418668
-61.96774124951843,119.14034704651914
-1.2010175320357637,136.53729261587384
-42.38047942613158,31.95234178242268
-70.71680970867712,-107.24218563408367
56.123017761192145,-7.963649140002397
66.49130743507686,-110.62282432730403
0.5201584740014391,13.297267119200738
3.8948355823813103,-30.36140759273838
0.4518977296065343,0.9188093230064024
57.91973569033909,123.66758516329502
1.930048409413452,-76.89160610429626
-0.1505094954804867,-140.53191099585956
14.633259069745652,35.99177465114558
-46.819164001335366,-32.04718711245287
-74.23879941811019,15.150967805876014
41.84454110995916,-133.15530259032414
1.764355592571152,77.9096466569787
0.6090382500833617,-11.614745012038927
-46.48945030254728,-133.48952187539533
80.04653766257212,54.75061447959348
-62.122706387110334,121.70800922768527
-1.2783076746362017,140.53654582539394
-44.42258351886592,34.47169729846119
-71.29527919547263,-107.57796353558025
56.62516554217903,-9.28967695198265
67.23368256596393,-109.42381657489409
0.3215915485465673,14.50887760228936
4.55145177426529,-32.100374515958286
0.3016704940871169,1.0123672365216216
58.15939139572341,125.89198140705363
1.913254077820316,-79.20297659303225
-0.18522847067587814,-143.99603570611646
18.052055288258405,38.06826987538351
-48.364362722629544,-33.94838853042305
-74.76150735932298,16.769414358691403
43.614425352158136,-136.74243372386468
1.532651871386424,80.31280587439481
0.4653387092599407,-12.335528867397526
-47.74335885492354,-136.6507423470777
79.01249321120719,55.709204140577576
-62.16435543927752,123.69541651743737
-1.3222775187616365,144.08978089762303
-46.037400139227096,36.68683070081953
-71.65460687932658,-107.27229468326966
57.004375832651235,-10.812559560171891
67.7676927408101,-107.58564986579793
0.07248170440908944,15.789506155020081
5.230510575517251,-33.935875081609844
0.17405264024325728,1.0119648375068053
58.351404099099604,127.80296938764852
1.7945194744108506,-81.41635213154935
-0.21674369561766557,-146.74638173749253
21.56661593824354,39.978207947043444
-49.574644933649395,-35.44545854700767
-75.2415994898692,18.302250332434365
45.43417793643825,-140.3045258804499
1.2315167464331476,82.46269203551927
0.29264115539509505,-13.026779318550096
-48.76159340289997,-139.44090760238714
77.99687860655143,56.51548271144661
-62.143117077912414,125.21600224788045
-1.3741233161733302,147.18468557850147
-47.32708236982712,38.61113330299062
-71.81637210838657,-106.73590113374082
57.25249236826868,-12.410040267944161
68.10615191498397,-105.31587145523721
-0.17461543733568533,17.404397948791495
5.883449071543055,-35.88771156931475
0.006679285457896006,1.1855204948320321
58.50784802442264,129.36461435472842
1.575338659908724,-83.51325065612876
-0.24820538499765188,-149.11761752276396
25.16828703845558,41.7183129110894
-50.52207516262832,-36.57835095871934
-75.6859098964736,19.68615899276924
47.08239426059023,-143.43027381218474
0.9178992525636505,84.18076712954384
0.11892648302205061,-13.682351632375036
-49.65270892388504,-141.8729138677895
77.12028439196132,57.25721521139273
-62.07234493212966,126.38959149913745
-1.3978820277466628,149.5868514118475
-48.366912482089226,40.27899570426912
-71.8195664030017,-106.01882694432207
57.4202797701897,-13.87402352139368
68.23738388476218,-102.94070536109069
-0.4049565983172754,19.19945377028831
6.578504309435994,-37.987484748162835
-0.17481523146363362,1.4750775033570358
58.65002831308432,130.58136187530909
1.3288242866398854,-85.42977358818685
-0.24886449205928313,-151.0722962917938
28.847158667926053,43.28863247534289
-51.26335046298005,-37.42060433394028
-76.10588120778004,20.889768310454187
48.54477449501096,-146.06028894785163
0.60732609392254,85.57569472701051
-0.05016336428805657,-14.53623268727929
-50.38283971315238,-144.0372005236917
76.41913409387207,57.9456515879946
-61.97412204284136,127.30325516576858
-1.3939306928409505,151.51145476000968
-49.21004503341997,41.720665936597236
-71.68569661021012,-105.35125122314393
57.547987790445,-15.185964688959942
68.24686223974975,-100.73818241932834
-0.5866649008967982,21.131876826792187
7.207803029787456,-40.20275793487032
-0.3476308282107326,1.665342620135888
58.74005285866352,131.4839165439212
1.0302428941233233,-87.21175320887123
-0.24328435303567225,-152.69766818953855
32.636155499970684,44.57062428762397
-51.831015514471055,-37.95608118942006
-76.48625836042267,21.967898009477583
49.84074154865922,-148.21576184678617
0.3187041428742426,86.65822015374751
-0.17663998995681002,-15.316502400054334
-50.99172437470921,-145.95672096656915
75.98440785091927,58.589348908686965
-61.87403611359,127.99613496061451
-1.3997417836827692,153.1121967964073
-49.87606207300718,42.94998516353308
-71.4466543447219,-104.73886491442184
57.6404729165015,-16.311025849065334
68.14004261243149,-98.81928680720831
-0.7243316862533582,23.350296662148118
7.84669753758826,-42.53373986115196
-0.5421180660494627,1.9655519155641539
58.81152212125791,132.1189782313324
0.7224871595471714,-88.75402544980001
-0.2184597413394522,-153.89462743959882
36.46101466057411,45.74128751910777
-52.2745967927686,-38.24114618757229
-76.86001957577903,22.861970927609526
50.980382136579244,-149.99766050629356
0.0965104121322525,87.49669178563269
-0.27887866223028235,-16.07869617917315
-51.502965372176185,-147.69661502831076
75.80977028997046,59.15833879047948
-61.77554792967058,128.5258385003556
-1.3860273959727911,154.30968811850312
-50.4525998712916,44.000370776817455
-71.11088714884043,-104.16556904788978
57.70758059538465,-17.22018744894275
67.94813402091117,-97.20555002657905
-0.8190288756013376,25.65766502956866
8.457118262024162,-44.902346720217736
-0.7177797788145655,2.3191011014505314
58.84415413179653,132.52299672260048
0.4132237357483991,-90.25023979533366
-0.1789612981975401,-155.00344367688714
39.86699066731987,46.920399021457655
-52.627519933359864,-38.331588135342315
-77.24440752168827,23.693622577709966
51.978692738791246,-151.4418432835846
-0.09458536427293202,88.29044604706685
-0.33682058246390245,-16.80380369978032
-51.95117751273858,-149.3041974761968
75.92719002835959,59.7353042705027
-61.665384250761825,128.8973010193893
-1.3535376098731082,155.24170783877082
-50.909813168893535,44.889959677012094
-70.69303521385093,-103.6557631399749
57.75423850498158,-17.934153835629278
67.69217115114576,-95.89149272706018
-0.9057511777871399,27.6701727242967
9.020260776192686,-47.25486354656042
-0.8528385785929223,2.7543540586828033
58.812801366147106,132.76206795454257
0.12913476806691587,-91.60015068253635
-0.12193076956559176,-155.8584279631205
42.48154636132247,47.98345389375995
-52.896316188146784,-38.25014091237362
-77.62910792444418,24.295834817070435
52.862369497725155,-152.6268976252474
-0.2322559361360002,89.03967879993998
-0.36174493021335313,-17.563915568739592
-52.36208976168423,-150.80235041674433
76.29378607152002,60.3849915615449
-61.55824512117324,129.13497839365002
-1.293353708621987,155.99955361863903
-51.3180223979927,45.651949146886096
-70.22241553348364,-103.21842884749863
57.779856601366795,-18.46878216145042
67.38134933102519,-94.83398747172589
-0.9270688047499368,29.65905521898281
9.485717630251344,-49.49189056451319
-0.9730730144734107,3.239072720444495
58.68358072521016,132.79259439638062
-0.17005454622651167,-92.83098680430167
-0.05627069184239891,-156.54348463700796
44.49355299631968,48.94937938478094
-53.11129583419604,-38.00779880850693
-78.01985355340047,24.867667039132385
53.66037532081364,-153.63992939018038
-0.3417393607204542,89.81784811319775
-0.3550860845288215,-18.33587055449681
-52.74560568737638,-152.21646174985568
76.83798450471885,61.05677471463815
-61.449352751005655,129.28021399590594
-1.233929600065113,156.64224559048424
-51.66290518395879,46.28882698271926
-69.68650127303908,-102.7754493734222
57.77515616163739,-18.834027544271358
67.00296037409778,-93.97328279511174
-0.9152351002320946,31.56786366404857
9.8001045720577,-51.62041940954928
-1.0334903303192988,3.6443516094929307
58.514445405612236,132.72449277247486
-0.43071715094032603,-93.97356673528292
0.0019329168495149929,-157.16543783586684
46.097123063374866,49.84104743013525
-53.290304862165144,-37.629925782200104
-78.42835093984073,25.462936935677543
54.37470710517069,-154.48747401538836
-0.4102161921536425,90.5270500347647
-0.31539009765666953,-19.02071189485278
-53.098689409071575,-153.53906347206248
77.50510600300353,61.73644944155707
-61.319454867133224,129.326840997036
-1.1789889243197376,157.1584053916291
-51.93460583647616,46.82604922846072
-69.11956434706914,-102.4010082546185
57.74938839449034,-19.041075066134695
66.56219110837236,-93.24421245803293
-0.8713689036561386,33.27078164021829
10.050497723332395,-53.63408840893829
-1.0743814420867486,4.064126453264755
58.27814460751565,132.52642590823316
-0.6472091014723159,-95.07858658776712
0.08626092906182009,-157.78880627910974
47.400204544998346,50.61891718073835
-53.440982643502316,-37.192178936150874
-78.8680782249073,25.860443142877294
55.015610057322554,-155.21649956174954
-0.46666637116578114,91.09850633937454
-0.26571829512392514,-19.619766804100035
-53.4378095839633,-154.78402007162555
78.24916879312056,62.50362480778849
-61.20148200827004,129.3098933142345
-1.124580931402032,157.4069365063755
-52.21354059709806,47.2777517199568
-68.49870299653237,-102.03175274395525
57.70682216420323,-19.124031355853454
66.0832245413961,-92.6384423577952
-0.8219677675652826,34.863486102534964
10.101122788247089,-55.501985178455136
-1.0989057621851566,4.495211069670802
58.03360120574565,132.2492138994845
-0.8378703803250649,-96.11620045286338
0.15134569491896602,-158.40445691937543
48.481954184641104,51.31060874925678
-53.58171986327861,-36.626016612823996
-79.3168589796745,26.259746070865702
55.587247135665095,-155.84545309412883
-0.5008057950061134,91.68010347331096
-0.2049472527350441,-20.11424240743239
-53.77710968445871,-155.9590802497602
79.02578966868901,63.201664867471486
-61.07912758346025,129.2186331464006
-1.0395770240641238,157.63450220209342
-52.45810978019006,47.64994438500073
-67.85334548730333,-101.66554177416435
57.65709725009752,-19.117103086675556
65.56541560443674,-92.13806975074553
-0.764435197223857,36.38924895450228
10.029577110539003,-57.17176079069833
-1.112147581667569,4.932375902782508
57.754542912396964,131.91715125597213
-0.9954033240923186,-97.0793637296416
0.21335777932686445,-158.9145699469845
49.38651523588268,51.92724736646124
-53.704970930249004,-36.03447497931474
-79.80194292563452,26.73489369624699
56.068494013618945,-156.40293464543723
-0.5360487296482199,92.29274854444938
-0.15134122176031578,-20.539214147724085
-54.14119361298972,-157.0481533805781
79.79876531268002,63.96660477947767
-60.918533228528055,129.0376803292459
-0.9870033687969038,157.77785443857235
-52.67475242454783,47.914722987325256
-67.18077027497321,-101.27982129105501
57.59975115049072,-19.038026059003236
65.04064161739697,-91.7198754727952
-0.6922090833422411,38.14896922746783
9.814023543616058,-58.633858716806486
-1.0803249567394362,5.370279549604864
57.49797910642393,131.6092370349777
-1.1241959504031491,-97.98104019977161
0.29173712678801866,-159.28617630252032
50.15504275067831,52.489243900221425
-53.83447807642757,-35.37329977001099
-80.31610189678115,27.22028789650273
56.48764219818344,-156.89172048105695
-0.5560004662673457,92.90763750858234
-0.10062678485487889,-20.915351402933364
-54.524449578442244,-158.0858659568031
80.52452247095692,64.69070545223126
-60.73885467937396,128.7789457293583
-0.93283044160217,158.00627444389437
-52.86608469951368,48.14423112109648
-66.47884114929145,-100.86133489241062
57.54940589324485,-18.91412523641532
64.50485535404353,-91.36374301736302
-0.5816630043340805,39.8283284812077
9.464517590669006,-59.987477250856585
-1.0729639047823292,5.814862037428587
57.23949440830363,131.25748832867527
-1.2084303523825162,-98.83133504343509
0.3320956836966465,-159.5964252550936
50.832266676957516,52.96480092112611
-53.96085567152838,-34.66347800162029
-80.86790151359541,27.606289721112674
56.842395616721745,-157.31968153793562
-0.5631610483383297,93.43011781447616
-0.04222093972652874,-21.239889031219686
-54.934363690974735,-159.06830962043819
81.24243937925942,65.55638737917751
-60.53380332080556,128.4544356468631
-0.8702108455604156,158.16036933833024
-53.08877060325109,48.31458846683529
-65.73872512452814,-100.4490182092504
57.50672163754116,-18.76811885185073
63.95624904513688,-91.0580659703027
-0.4882927625725954,41.43605331493574
8.976778236628562,-61.20110649040337
-1.034598635594516,6.25423348670628
57.03862550909034,130.9131019931073
-1.2540532088495362,-99.65058367359983
0.3494611352579398,-159.89244095562427
51.43878511078896,53.3693129656901
-54.09039165741877,-33.926193194833175
-81.44880003910508,28.169696119314278
57.119930770019366,-157.7147986733923
-0.5816774571710434,93.88930166398163
0.020800520448212942,-21.49853179474096
-55.33974987215062,-159.96074331828464
81.90692585179177,66.28462860297982
-60.27117118946979,128.06531818132987
-0.8237594834333842,158.2624018949099
-53.289119146583616,48.41740517281167
-64.99829547487214,-100.00808966949816
57.4618008596966,-18.619382489394866
63.44658298188903,-90.798745425368
-0.4218571749844517,43.00009928912723
8.420058095920238,-62.243430744595486
-0.977264775686637,6.685343501652743
56.860960431562404,130.57401730581367
-1.2502522074613076,-100.41550264992696
0.3513529290814747,-160.08473958366977
51.94638999765284,53.72613646317306
-54.22530662654299,-33.14258545024315
-82.00717053176801,28.69323979380149
57.32724915422638,-158.0832447487391
-0.5867417866227439,94.41449462841362
0.0771643695618667,-21.724918316548234
-55.72543934803572,-160.77761255582269
82.53757455858612,66.82424457749094
-60.01881551341353,127.64286668496425
-0.7722865223726709,158.47205679109098
-53.48217892957548,48.49800029993045
-64.27120904066278,-99.59868631326728
57.40555845322841,-18.452223588941127
62.95413596248135,-90.58819781742807
-0.3687522935122619,44.53670029104309
7.775415104463673,-63.22016875898416
-0.9213538248654473,7.113018499414625
56.673893721454306,130.2861685909417
-1.1777126466511711,-101.19298824741584
0.33982050269322617,-160.2995500929824
52.419317217569905,53.99963382570985
-54.38268014520157,-32.40343426046064
-82.57467372221033,29.22132158314578
57.49026090917022,-158.36617556923304
-0.5784260113757468,94.88897437089419
0.12327521793927496,-21.911800013358047
-56.09510121263604,-161.53119800050519
83.12793104901,67.7392445542983
-59.7437383082316,127.1949191556129
-0.7239062451862256,158.6073193679527
-53.69317192741349,48.51230058385615
-63.55423367603072,-99.20983992789606
57.36926558508088,-18.31352449546399
62.4867397414485,-90.39687527763058
-0.3305243626051271,46.070636662713405
7.075896995208716,-64.09324660371789
-0.8511888299945802,7.526313829457341
56.53372579091618,130.0184832125487
-1.0864785885649517,-101.91266263882753
0.3278049268535449,-160.4407778696628
52.817694573722825,54.25056065238592
-54.553137521562064,-31.62141777356157
-83.13681743525675,29.740336720626875
57.61909467543722,-158.63125727186434
-0.5670739148418888,95.32890105323213
0.1598550364204339,-22.074143892857844
-56.43410611667422,-162.18825502855438
83.63338240242493,68.43523316189075
-59.46659836380957,126.73538189269581
-0.6767314104802324,158.6964772025958
-53.89274231079299,48.53561606032163
-62.862962387520405,-98.83085624291267
57.349387047314444,-18.17551448707913
62.05666259302842,-90.2274849413183
-0.2910877031518481,47.58455750118614
6.336532740503551,-64.90779418255188
-0.7668252041475849,7.93568293549926
56.43342009421316,129.76875385565495
-0.9521228136493486,-102.62183180957763
0.2932633869398342,-160.62229556275082
53.21013283719283,54.45398184895871
-54.71834817715226,-30.856589003394667
-83.65290430543239,30.201577994585396
57.71558949877987,-158.86708714070525
-0.5534144142810522,95.85120763667486
0.18306419184064704,-22.174955123497536
-56.741110675552264,-162.7695981387451
84.11802068618141,69.19156444278038
-59.21691865391289,126.26306251463065
-0.6386732490179892,158.89004554278458
-54.08931885379284,48.52215507064246
-62.2257429016334,-98.47134081884967
57.329344448977366,-18.066102246711356
61.656344753684124,-90.08335304402323
-0.2622331392527453,49.071698931497735
5.592781869155731,-65.63795811003592
-0.6894053306969057,8.3745975702194
56.36181438465888,129.54900776061356
-0.809338714046817,-103.26117266138485
0.2624841517664188,-160.74467973458968
53.53968088209353,54.61088961841084
-54.89098623748313,-30.158034000592338
-84.1454155988631,30.66246817123228
57.78282664800015,-159.07765176366465
-0.5400099237612701,96.3412013567652
0.2013906345517135,-22.108445503537357
-57.0220918920843,-163.2854653870319
84.55251786224028,69.75283452340636
-58.950673819189994,125.79325940270716
-0.6068559102032606,159.01702619683942
-54.28403477435394,48.50456418198526
-61.63952247833572,-98.1510245864824
57.31225072883114,-17.976617351257158
61.28169540710833,-89.95522299037813
-0.2502147742142931,50.533672833767255
4.874312497882812,-66.31505801181754
-0.6151599926973377,8.928714142317073
56.31191141958553,129.3288492224013
-0.674676048454816,-103.87062967693905
0.22863413669625587,-160.8510966707009
53.85701685503519,54.743289213477176
-55.04935277216747,-29.44159004886014
-84.61211094596187,30.989423989563893
57.804877198479744,-159.2605059093786
-0.5087182659665985,96.80661441124934
0.24164807856048412,-22.08901767346311
-57.25739655614472,-163.7335100061453
84.97577925540173,70.45986132086476
-58.71529661240628,125.35430937905998
-0.5762005150982578,159.09812824814736
-54.486864674283744,48.5295244097194
-61.107225722185376,-97.85013284036341
57.29459817924565,-17.885172828311894
60.943548635671476,-89.82885620339712
-0.244344758689354,51.973911680025594
4.196480109488371,-66.92812753485515
-0.5406589295923534,9.412104772742552
56.27714200635731,129.128108998592
-0.5389457561034073,-104.47339169111021
0.18678618462197105,-160.972604977711
54.13198124075731,54.8483238894449
-55.19122918077105,-28.83599772453738
-85.03615794336676,31.243160560743878
57.81244168243224,-159.4087699784132
-0.4734338482127476,97.26320653916228
0.2955635180266679,-22.09138927651451
-57.45122800786317,-164.13053092953595
85.37471835277857,71.04907238675499
-58.50020087098987,124.94533704684467
-0.5420959908124067,159.15231442715162
-54.66953542397953,48.50391060842733
-60.629743036041994,-97.60795623388206
57.28063366841252,-17.80151800801862
60.60980637083939,-89.70878308327008
-0.24862169793796335,53.39046917106051
3.565891475169669,-67.49012758803205
-0.4756123474313705,9.855726296724193
56.26166929843003,128.9478924629685
-0.3907095546999011,-104.95229930753891
0.15074339595602676,-161.05844272015617
54.37026139779693,54.933636909109964
-55.34098221092376,-28.278584931023808
-85.43592812059762,31.684256571303138
57.82185394029868,-159.5339958778893
-0.4418121976696447,97.81531259681968
0.3247104170918457,-22.11550391642596
-57.60399653690284,-164.46303249890076
85.71531477087385,71.47932877884274
-58.28461874770697,124.54848866559865
-0.5102345996405734,159.3158959936884
-54.8308008606892,48.47860635306871
-60.206858699177204,-97.38449358036232
57.26328422240029,-17.734829891673574
60.32461710555104,-89.59764219251278
-0.2506602143227021,54.780558512465085
3.0105818046555397,-67.9497072501864
-0.4079246347989651,10.267194870322466
56.249148969813106,128.7982623519123
-0.26287081431587733,-105.46804309543967
0.11792515872834344,-161.16350574966376
54.61255258025834,54.99868936871047
-55.47539225646336,-27.724763070011353
-85.82743084344175,31.813494641611392
57.824691326736485,-159.64357810126413
-0.406879498748651,98.33054734195325
0.342195051327768,-21.987953837875725
-57.70976294736001,-164.76700675091968
86.03903700249447,71.90739378160885
-58.103150661235524,124.16770905114718
-0.4816274770630755,159.4223366931248
-54.99974034944848,48.503083158337425
-59.81866552345033,-97.17422227257646
57.244547455025796,-17.6691394767517
60.06379533975597,-89.50845431351502
-0.22158428304129618,56.131302344895474
2.5181088120767146,-68.46193932285645
-0.3547934645377694,10.827763807295833
56.25852374165045,128.6707939629342
-0.15509961368676758,-105.88337648490531
0.07707231159431793,-161.2687144871202
54.82850829205063,55.059944666064055
-55.579977446376645,-27.239956499597298
-86.17194775962948,31.820157350778985
57.81397666895135,-159.73766876733447
-0.3619049222459332,98.83130587832
0.3672288860064118,-21.91318986464087
-57.7769365060202,-165.0412271440386
86.35763554549975,71.87025099069558
-57.955905203307815,123.82420308468429
-0.45358826498315646,159.49126261877785
-55.16648749130856,48.50535991432939
-59.49951620896221,-96.98341263205342
57.21442447541548,-17.608666280833095
59.79987327525729,-89.42654222174588
-0.22604051575431314,57.458635896350216
2.098012116706491,-68.83089261413853
-0.30358100895364004,11.306890186267317
56.279397687237534,128.55226042487797
-0.06498137855503924,-106.3123391278791
0.04080979055609361,-161.332099813558
55.014530463991754,55.10369782267445
-55.70718006322992,-26.85585512963753
-86.48280840800028,32.0578274658158
57.79896284800376,-159.8147976576432
-0.3242052658053754,99.41990457437969
0.37892922513996974,-21.860091586457187
-57.838098583040434,-165.2411932547103
86.62864026565497,71.89398405517207
-57.82251953752416,123.54259462412925
-0.42719505968231614,159.65272186465072
-55.31950149368322,48.47078382012206
-59.21868325031215,-96.8236782221312
57.193599058360746,-17.558263632276724
59.575188156570114,-89.33520305050642
-0.23241356389265627,58.74419152096759
1.712287106093212,-69.23463234137571
-0.25134744955765925,11.734918860014321
56.306807219428684,128.43277667083933
0.014781718430361829,-106.58901958397865
-0.004184299927338424,-161.36688189400058
55.16745274098221,55.145827925901116
-55.84382625266038,-26.512416339968084
-86.76424965674195,32.242775869558955
57.77048537476734,-159.8811040516159
-0.28061902729595467,99.9729185197424
0.38535686984415807,-21.83155466329201
-57.88105670602977,-165.37685809751505
86.8679891283832,72.0529777408126
-57.72396405126129,123.33244376451805
-0.41099993280241653,159.75251796522886
-55.42967113138067,48.445666400034305
-58.958666032643656,-96.68547889029168
57.180350591907114,-17.511055464069948
59.382426857408916,-89.25133969042004
-0.22831790764379,59.98830116943805
1.4007358673331578,-69.49047482930061
-0.19691576280173642,12.122822168615691
56.33871198040844,128.3220720469727
0.07605743290017683,-106.88861193073629
-0.04535058249702116,-161.38577984263242
55.33185407792877,55.16952906773973
-55.96723985956535,-26.172462175924025
-87.03443025583331,32.400695360928964
57.720176469852696,-159.94705650107983
-0.24147662004707376,100.32287723986323
0.38632443112622894,-21.60938245033482
-57.92843544914023,-165.5645462855958
87.11269792362685,72.49526076826291
-57.61082554242938,123.04601135638931
-0.3959899506849046,159.81593396628514
-55.56579673489314,48.448404050480875
-58.75305662812884,-96.54655056957512
57.16553355387585,-17.472349226048504
59.207681711960916,-89.18849296262105
-0.25287998150655255,60.96096139624276
1.1140705078254978,-69.78003153486725
-0.1488582875226124,12.660897142295028
56.37023176855781,128.23648249989103
0.12446926259939284,-107.2546461972834
-0.08001316208231923,-161.49614795121568
55.490605541483134,55.18868346589407
-56.07492245289654,-25.83035492566521
-87.2753471365549,32.94543393746281
57.67984431705093,-159.99607701486542
-0.19136687448444395,100.81793425815837
0.36438880975023896,-21.463485573101188
-57.93998238111696,-165.7402423020243
87.35796155687824,72.87412761668081
-57.523039559125735,122.77282915667934
-0.37836654363449584,159.96922919536857
-55.69837693092661,48.5103184428982
-58.58771083436066,-96.42230443691487
57.16287921338966,-17.437691977324455
59.01880731969618,-89.12928932482875
-0.293320409225503,61.80348185625437
0.8762764689068167,-70.04532773615972
-0.11272671031328432,13.001979933540419
56.39576152442748,128.16321411073758
0.17850681688839898,-107.49457668428182
-0.12063498339479019,-161.55771008970257
55.63481894749876,55.193296224064014
-56.16930801373596,-25.559295857368063
-87.49586493880354,33.62838451447097
57.646018707995346,-160.03702534719966
-0.14304294278772806,101.31946308103073
0.3483581409179675,-21.361440550448386
-57.93889219611788,-165.86369766324245
87.56643608958854,73.1785510265206
-57.435137784298774,122.58202055887358
-0.35183755241436276,160.07200494975555
-55.81955892960314,48.54746661347956
-58.44196817626953,-96.32078207869311
57.15460226246654,-17.405323387879324
58.86825028128806,-89.07113652009058
-0.30365284660107156,62.74417497161681
0.6882251403242345,-70.21304042618453
-0.09024879150450908,13.33412493572875
56.422436749926085,128.08755009525635
0.22373713827531214,-107.64987664669431
-0.1501995558487077,-161.59139340970916
55.76218233194216,55.18234024625531
-56.256967618986906,-25.347783490335672
-87.69333702944137,34.06778286679386
57.62033965995572,-160.06971567958303
-0.08925925690385608,101.8238541034221
0.33443899960437123,-21.253333372545416
-57.930481288166845,-165.9651304589428
87.74575128152901,73.4220588441437
-57.357066646258325,122.42432797282903
-0.3269864061503008,160.13863957673945
-55.92551822897372,48.54631733118086
-58.310490438076755,-96.23202373544638
57.15374329496446,-17.375356154747372
58.73751843604996,-89.01777091871142
-0.3363477513543882,63.72651645597514
0.5302606542203432,-70.30920858504027
-0.07747994442006238,13.674029282610345
56.448768223673476,128.02199760935244
0.2698303964597432,-107.74876547920336
-0.17543886369371364,-161.61456022348824
55.866544840091535,55.17369179421345
-56.325870515039455,-25.166299422504387
-87.88821821154008,34.069270331895176
57.598299102468566,-160.10385572882407
-0.046321396766373577,102.15093068021244
0.3111901385438588,-21.01512890943354
-57.904356031836755,-166.06847365812231
87.90019887553031,73.52507699675479
-57.29317245561874,122.28380318811766
-0.30590390008682306,160.18162887711517
-56.020357080938155,48.52368969765705
-58.17325028502582,-96.1535493807818
57.156871476657614,-17.35780540512613
58.61783600579874,-88.98662836517352
-0.3508878803848484,64.34978324922263
0.4112294596099014,-70.36568837038035
-0.05997549104430355,14.047469472142158
56.47269978949299,127.97116004868198
0.31250263384884025,-108.01112752158797
-0.19358163153578078,-161.6272676340342
55.947216993548366,55.178347431334714
-56.38588018891079,-25.033428437902497
-88.05718490578579,34.375324620821445
57.58039796202672,-160.12855100843242
-0.0004923648223109506,102.65184745734837
0.27529110112932875,-20.859628925951
-57.86048329564309,-166.18226987354885
88.03008960992742,73.6551631891297
-57.23823779697854,122.14533458098843
-0.2788920490626376,160.3074444763712
-56.095582464060335,48.49017691690905
-58.06664354330736,-96.12657515644798
57.16325147027132,-17.34001519480006
58.51080109844942,-88.95085267562753
-0.36746969462280366,65.1234267249096
0.3124330448834319,-70.60644346047377
-0.02663161960631588,14.387497087929505
