-4.008558948751402,-0.8099188214321362
0.8367346209756921,4.700728864133145
-3.933648073174687,0.8820923200975583
2.965696961369857,1.1045384405039904
-1.39006993119823,2.3297131693005646
-0.36765810260584963,0.8448346157666471
4.0597263247162925,-0.2945116130429781
3.7470934093955766,0.2632752398370197
-0.5781253162875295,-3.2033879469835314
1.0464962401431084,-0.6669593679885217
1.6847051711207879,-2.7215747789498757
0.11763596132730214,-2.2929845045051422
-1.1667731620877708,3.6324022391151622
1.7755317069140153,-1.6036750790187582
-1.872493170823073,-2.596018601671073
1.2101592676800461,-2.4961842323044148
-2.15309124447403,-1.3115407579736704
-1.6010864970872563,-3.559861705436822
3.7642687469990737,-3.782798433671015
0.716486022122746,3.6762344307104744
-6.466439714465222,-3.9656789741582656
1.4380240056849605,8.65527701478651
-6.1859413414563384,4.1877201021766535
3.62058360354388,1.9537517599159462
-1.5082456645990758,2.250423572505052
-0.28620129182113313,0.8367034973123346
6.5801270093784545,2.811543825733752
6.403649918430121,3.2537112472289516
-0.2834715372482117,-3.880894166855234
1.0279401467648828,-0.6012167162438328
1.6102192817877503,-3.235230673370505
0.07058157679638127,-2.175790702703085
-2.7573255688579303,7.302571586886142
2.000239841094553,-1.6308845259576514
-1.925499044609815,-2.5827231717949126
1.12611078765462,-2.4994966668098497
-2.0288268969158496,-1.1923463808909367
-2.6528206137793005,-7.4191175077627065
5.3380633512407005,-7.4601848076681705
0.8335233810301672,3.395453500615525
-8.84764016827752,-7.179692726270119
2.065852975492215,12.605698610600147
-8.444563119393518,7.489027065218396
3.766384650660329,1.7564792798102427
-1.7205665228119518,2.3209113638093077
-0.23732720535030324,0.8318248262397471
9.433319282164067,5.6149870398039905
8.518428346037298,6.648959721512876
-0.207075985333824,-4.424403713455028
1.0954307076858236,-0.4437037174001345
2.0072164504373426,-3.5859935846658995
-0.08907276457854582,-2.2409731656006127
-4.0326949178914555,11.093802656544888
2.8088369050499438,-1.6515434295627391
-2.010655797149416,-2.8123729756143145
1.0756816996393643,-2.5014841275131108
-2.405096403701211,-1.0190862564847218
-3.5151959602935765,-11.325050016360926
6.909677176198672,-11.138503715158517
0.8876708821257864,3.519121176689434
-11.158499053768482,-10.444647735354849
2.6712999623960765,16.559612361056654
-10.682733136369412,10.80423369152544
4.520033902612148,1.5409622115650248
-2.293914000437528,2.681049675019664
-0.2080027534678053,0.8288976235961946
11.856700488935292,8.797316929471
10.534496805937954,10.103734383483436
-0.14746877748477125,-5.278129625600485
1.1359250442383881,-0.34919591809391554
2.778002569810879,-4.248834785603577
-0.18486536940350207,-2.2800826433391292
-5.144376354976037,14.936219133508514
4.246249542971562,-1.9565315195559074
-2.4919733794174572,-3.168240427999775
1.0454242468302108,-2.5026766039350674
-3.4811961984766535,-0.826954771623087
-4.245180767808522,-15.25787624959287
8.47086697627434,-14.82125898915375
0.9511756734339746,4.054137754755874
-13.412609009827786,-13.749036983914152
3.2434115853561916,20.51848698535002
-12.895904493378772,14.136180951689283
5.4551252724196155,1.608302370319841
-3.1798769465923002,3.347654893353697
-0.1679780638316935,0.9465663202042612
14.229691867438225,12.01739641879277
12.406560937295476,13.638614280747927
-0.17122152601354934,-6.26526907192705
1.4154864342143516,-0.2796502942811792
3.471155169631005,-5.093938882553417
-0.30967728792004906,-2.173006817926038
-6.143321947785365,18.809474573394557
6.08394517875726,-2.4052968771244583
-3.280718778180718,-3.80924772943132
1.1873902008004942,-2.6250467033064195
-5.412285152341066,-0.6839074406404196
-4.877188756560606,-19.207631419493094
10.051475121671258,-18.49572192823817
1.1248039443795221,5.003117616857048
-15.615505289890672,-17.087786447303866
3.781700867793346,24.482102083768797
-15.080865602420218,17.486695084173487
6.365671176844971,1.898882522393659
-4.01659210197448,4.33502549052454
-0.1863127517433028,1.0826780998926513
16.553487404350257,15.273156591567744
14.160404755346999,17.233615235112538
-0.235964655773704,-7.350643346920913
1.6980672559722996,-0.11980415468661013
4.201176887144792,-6.08852067299944
-0.45829122145362977,-2.200407743545147
-7.058513692958272,22.70337031796289
8.65590203482206,-2.9043653860455607
-4.157691217722073,-4.686717298084921
1.380200069640063,-2.778407485854121
-7.960765915218094,-0.5667507019088165
-5.426327068411893,-23.169758009401235
11.64822223586561,-22.163200442600864
1.3665606576476153,6.277337203193814
-17.764651171275364,-20.46138570929798
4.289781641651936,28.449702608926952
-17.23030468242512,20.86010754655452
7.13474728683606,2.3433038598878597
-5.007754916374694,5.618474489847584
-0.22471436254865296,1.3168541629594126
18.82368531755273,18.56651375939682
15.796276245837733,20.883810362307745
-0.3223709907113944,-8.44417050594966
2.039044418152299,0.08860912437684862
4.853959500534609,-7.05807449648864
-0.6676402747057236,-2.2294794225378527
-7.906601595026837,26.612429912080756
12.207534863719058,-3.5168135823369733
-5.064395050972467,-5.6539331172650655
1.736209591989711,-2.952554392829934
-11.254702214445093,-0.4810587432307492
-5.9056935213751345,-27.14093010385565
13.252949100628353,-25.82719439585853
1.6359153556999895,7.914835300039262
-19.853518310121178,-23.87263681061698
4.7731822721173245,32.4203856522415
-19.33683136281248,24.26048184136623
7.961370430534671,2.7427887990289173
-6.080584781088826,7.023716749427648
-0.31349828963778675,1.5617496593528164
21.027693607511775,21.904529256333856
17.31824819440654,24.58294558391964
-0.40826873319540635,-9.728025160039731
2.434481435968455,0.24935819861285413
5.5287234004080865,-7.945840331923014
-0.9682069597698499,-2.4508498085224644
-8.697438751258783,30.53347270607357
16.163227992632155,-4.110523839844554
-6.238739529295784,-6.816988576620032
2.1385186547941633,-3.1042397306786698
-15.201550940438018,-0.4199812347672281
-6.326234248046885,-31.11876186213935
14.851073946709615,-29.494072765308182
1.9794846868645646,9.706443209334353
-21.87058335444426,-27.326829713014
5.228599832336129,36.39437544158977
-21.385462983163258,27.69604707638927
8.920817495199245,3.1477168353845286
-7.198648903766829,8.416861834119903
-0.4578351624578346,1.8488821997688736
23.143967952764598,25.29884551968127
18.729991329374915,28.325535772661876
-0.47387158122512457,-11.35230540143316
2.7951168028836144,0.39785398708526487
6.41305987382302,-8.876313028074705
-1.3181174989895568,-2.71220389879491
-9.445478276174589,34.462904836695465
20.11602805607079,-4.723199658266946
-7.533796165014891,-7.9831124182776785
2.5161882758295393,-3.364582630588893
-19.201303491328474,-0.3754893069005928
-6.700329530230725,-35.10123003148456
16.416613956760315,-33.17498087023697
2.3295150987247233,11.603678347168948
-23.79299507911021,-30.834583005488668
5.666654638672724,40.370316586356054
-23.36728682732319,31.170579311197166
10.212695276136749,3.699644865050746
-8.485551026922483,9.802786372830194
-0.6503360349929483,2.183332520158151
25.160394346421853,28.75341128095466
20.045165338613074,32.10314312724817
-0.46245910850925176,-13.298548425564258
3.2119645911110752,0.5575337313675093
7.512631256784309,-9.912668799647395
-1.7136753024946842,-3.0209472065561584
-10.151581143180621,38.40008894989183
24.04858438769296,-5.454637077748876
-8.962551405015528,-9.193780830553019
2.987183012135989,-3.6435009574334796
-23.20116877963848,-0.4083172732207902
-7.031106631206014,-39.08752988341121
17.923520963314726,-36.880278600999944
2.762634948011759,13.570885486061133
-25.610920512374463,-34.397608001063496
6.079032134178194,44.34900290236548
-25.271991121820705,34.68797913926942
11.812607665463272,4.470193438414013
-9.845154228011795,11.255452206060996
-1.0166104803477627,2.608353103799365
27.086826873837957,32.258957988290504
21.262232132329856,35.91349067302821
-0.32511218564589384,-15.606207162633744
3.6220840905072267,0.7483393585968559
8.750477084687638,-11.102008053502706
-2.133854196662223,-3.394268693851672
-10.827753675462594,42.342523566545275
27.945846731302808,-6.355384670074642
-10.53555470886759,-10.297322993947999
3.4557062143209953,-3.96008320710021
-27.200423477916278,-0.4855303440246461
-7.321092303880003,-43.07700457435033
19.35793195434462,-40.61423964911127
3.274417548042522,15.623593742384122
-27.323613558134188,-38.01239465189177
6.473055214668688,48.32954882121138
-27.09535659575017,38.248223280965604
13.710562360989378,5.420655338168262
-11.336738548675726,12.675251593533915
-1.447606175960142,3.149839905305945
28.936844198992915,35.80542607592734
22.395202443201995,39.74968387393484
-0.05562171462413679,-18.138862335706982
4.070024482235961,0.9859729026402809
10.131003152910523,-12.429366977892604
-2.631851713217653,-3.7619965211790767
-11.475051589943384,46.28980179462964
31.79006033526529,-7.460835603906517
-12.184175493769986,-11.258759990658104
3.922523625615802,-4.3192596234854586
-31.199248202682583,-0.582488172990054
-7.5784095852609745,-47.06871947107113
20.71489444637423,-44.37703818148379
3.7084501466911672,17.71246674962932
-28.948841754758615,-41.667341068584754
6.8533930703401715,52.311425654507865
-28.83792977062048,41.848700850708596
15.64992904789866,6.4688950201361
-12.88870576862298,14.07752645029333
-1.9321759285758964,3.8149291703218613
30.72473542647088,39.38361625515306
23.443552070199672,43.60986043201788
0.25644160914574726,-20.799454613054117
4.584430527582733,1.2483474702182131
11.620586809814286,-13.758166491154977
-3.1836899544344455,-4.199643576044843
-12.092843023036208,50.2418055579372
35.56364347666562,-8.787512005648566
-13.931466902411666,-12.067994555212305
4.422336247877252,-4.667334875957733
-35.19798483462877,-0.6830135346241641
-7.799181947616869,-51.06262226959036
22.00282483732162,-48.1640205300133
4.194684360543535,19.745897727747515
-30.50657491156387,-45.351559766245025
7.216945651562207,56.294870083728235
-30.502024193619985,45.48611610763788
17.493030964200546,7.588187363220898
-14.485655998563349,15.50253332303645
-2.4725327132939725,4.508250372182669
32.46437395901968,42.98551266899833
24.41729947056252,47.489527428073934
0.5696092428325759,-23.493659595016954
5.08846141563425,1.568407919089132
13.222889894478914,-15.118403510078373
-3.699400869574871,-4.69840737274199
-12.693481334086798,54.196452649562225
39.23976748216671,-10.364253042147128
-15.59673626630638,-12.685539210328175
4.840527857506848,-5.079464462336723
-39.19660255328721,-0.7881626669589806
-7.9988952058913565,-55.05763348540308
23.219369410711266,-51.974534839257686
4.719770624556637,21.692259262571984
-32.001009560627566,-49.06190544821023
7.55999029490064,60.28013298254392
-32.09653055122739,49.154569388729186
19.296142397091668,8.68737511710266
-16.041490912200647,16.82950126935743
-3.1383251760251665,5.227409477029548
34.167081075626804,46.60501380521247
25.31400201254056,51.387722465679175
0.7479969874458587,-25.958049372784714
5.595920092989854,1.9069428702654823
14.941948584083548,-16.52941154172595
-4.224699573763177,-5.167777766919524
-13.281181746025887,58.153043129483876
42.78699224918537,-12.212819095132371
-17.237775150943847,-13.210970009445349
5.232088592078543,-5.516528657537618
-43.19499911890274,-0.9014097599631848
-8.164686149534568,-59.054196178894315
24.376920816773545,-55.803382543505435
5.215459011311554,23.64383723974729
-33.43673241863873,-52.795362274662665
7.882991426776462,64.26707043738404
-33.63923486925734,52.84510639398083
21.11227848372971,9.799374446712624
-17.462323768313393,18.12746853420801
-3.856692551167928,6.034031136606682
35.84557801010985,50.235805460062835
26.153736043802475,55.298585127131325
0.7497080865680987,-28.278829399706293
6.130763747945237,2.2128382878592214
16.738644683146624,-18.073992130586205
-4.735915765814094,-5.688637672582821
-13.859879406455148,62.11096038705934
46.166324389489276,-14.352939251924745
-18.86818979802618,-13.642410769578442
5.642173736776141,-5.997923586602118
-47.1931594927255,-1.0227094928296827
-8.311994901956028,-63.05148277500674
25.471797487275165,-59.65062117353494
5.599646705123164,25.655509007320262
-34.81969230291075,-56.54868373151849
8.1892920390479,68.25532568685368
-35.13558936615114,56.55467823175749
23.04890340891545,10.893730574566838
-18.78959598143112,19.40071164375685
-4.641139893792211,6.91117451594293
37.50803598492122,53.873968936596846
26.93627146129334,59.221293161177755
0.5650150607398724,-30.492604277419524
6.647514255478459,2.564581709694444
18.5563353029659,-19.74437702148996
-5.261833539278155,-6.219653437104549
-14.425776362045601,66.0707281372757
49.3275498296678,-16.803786802542298
-20.5079485924945,-14.142244080749185
6.098395790927873,-6.54647667599497
-51.19068145384095,-1.1634865165220352
-8.430565858783599,-67.04972500481186
26.512187531456664,-63.512950594489084
5.910103908758697,27.68576957046541
-36.15757037093333,-60.31831000942777
8.47753099581147,72.24492695813429
-36.59324758016474,60.27962555099822
25.11344846470595,12.013973957010103
-20.007812590332897,20.699799514693076
-5.44588012855727,7.794051352029652
39.15736918336274,57.51810120649577
27.659223225832765,63.15541831756886
0.219305628090756,-32.66255677879908
7.183698994608519,3.0426214919966355
20.43744255458607,-21.591934635026174
-5.714004196007277,-6.819285771528361
-14.978935465172327,70.03229537848567
52.25035762549069,-19.534573243968453
-22.212319061741837,-14.715377455964791
6.636786189396294,-7.119709718431489
-55.18892016403084,-1.2821760962630884
-8.53415808318277,-71.04838336119141
27.498276899619587,-67.38949902808257
6.1463789896059104,29.799708414653235
-37.45193175039548,-64.10309912103713
8.748867094861893,76.23571343718226
-38.02603476331951,64.01420998407607
27.293116083789073,13.160513158780757
-21.215785872664984,22.09620995766813
-6.278461248657056,8.624498052548015
40.806776031921935,61.16220014147627
28.35628658405232,67.094212888834
-0.2257408211380751,-34.84764870444531
7.752900749054441,3.5805914068630145
22.23979522520133,-23.490589326684194
-6.249142522384634,-7.482704078293602
-15.52941038624699,73.99423648875825
54.90499578448732,-22.526712319078268
-24.043559809279497,-15.336314066676527
7.191494232539683,-7.701995870905789
-59.187038228403125,-1.4048624579339015
-8.631102803488218,-75.04720840377641
28.428055831112818,-71.27993745306134
6.313812690998177,31.96434000828568
-38.706243904703356,-67.90134885210479
9.002539989710021,80.22766159095622
-39.43226079549173,67.75887663765702
29.566787024001627,14.340290569151724
-22.470480845801383,23.55944846519987
-7.119741514419138,9.429063083463257
42.449150166889034,64.80947408248907
29.01347758970179,71.03985605340088
-0.7515970899172388,-37.07273790586507
8.381786513516982,4.197000058586849
23.886530657898565,-25.45151179536555
-6.854055533891596,-8.1582271289666
-16.07068624615304,77.95744484102576
57.31214419529197,-25.721338514482145
-25.97424977143326,-16.005424937308504
7.780077847311507,-8.376307057986692
-63.18640549825599,-1.4760062618076064
-8.701541565295098,-79.04658815329196
29.321774036464216,-75.17881777559285
6.433821928837076,34.187450654410775
-39.92252255375973,-71.71194805011153
9.23609024796438,84.2208375546309
-40.820771278625514,71.51014824049086
31.939335083350148,15.574310219763335
-23.80038649477551,25.136420526395398
-7.91063309228603,10.236324006349596
44.08567736794965,68.45937527569811
29.657782043230466,74.98762400138911
-1.2373692762551367,-39.329537340527125
9.082868470164406,4.964389258815723
25.35383597740848,-27.41352806651938
-7.527109315736805,-8.86221396264856
-16.611106871646175,81.92076990308433
59.48324512728306,-29.080850494384496
-27.98740464140966,-16.71587756958477
8.408317311954303,-9.051442672935123
-67.186363469746,-1.45766978685989
-8.762966647501178,-83.04611649539382
30.172944798238916,-79.08720725647879
6.508683873682333,36.502556448756145
-41.10647316030735,-75.53271511462299
9.447073426346886,88.2152694414503
-42.19625200512194,75.26621703259742
34.3555549577684,16.870014252820052
-25.202944184657827,26.845439602677153
-8.739035535190784,11.049445245491825
45.71085002808088,72.11434638704249
30.269262199819796,78.94060920476358
-1.6775217012651171,-41.6583056061673
9.840085182524373,5.859930683023244
26.633591752565767,-29.344364846772873
-8.227321072311566,-9.55820907994907
-17.149464524900775,85.88437571562199
61.457208039617456,-32.5598547227131
-29.990442237493188,-17.417341109716986
9.01619802293402,-9.75499861662154
-71.18581405881393,-1.3913750992587286
-8.81442133963107,-87.04578553353407
30.989728459149916,-83.0029274266734
6.566534614588112,38.818973880407874
-42.25957065472495,-79.36290651563259
9.631927370957195,92.21099578582901
-43.55759974409474,79.02743124260908
36.73575903808196,18.2616671218369
-26.707703310053866,28.77431963255379
-9.595820815197033,11.882338082542635
47.31832010924711,75.77713766394531
30.836544969672293,82.90017865850832
-2.108793578635808,-44.01572364640757
10.64274099784972,6.928752093144084
27.80421463470245,-31.32242701616828
-8.94806173452673,-10.230342377532565
-17.69342032136902,89.84721713201611
63.26662501182823,-36.12720811432929
-32.06172419741568,-18.13555516598173
9.656507388202558,-10.472078504869275
-71.62637348921018,2.584289296573612
-8.845448988506725,-91.04566519234947
31.787248353579162,-86.92261644724499
6.621923427519808,41.14754566115829
-43.44825728730571,-83.18220279760965
9.788517118223304,96.20792956699816
-44.85509752671507,82.81114628263197
39.05602307785952,19.737398946064665
-28.031410792932725,30.96456926503373
-10.513560041415019,12.687078568816833
48.90607446998145,79.44851834292278
31.38218314495217,86.86278878084906
-2.568091667146217,-46.453715638570934
11.44194177877096,8.106336657416557
28.866392710336196,-33.37959410913007
-9.686719368812474,-10.903636249242687
-18.24443953920677,93.80908257919796
64.92993271391973,-39.764983188212106
-33.93245507307392,-19.06148689688093
10.320479505938199,-11.227015798245153
-74.75121088816552,5.081365833264082
-8.876240878855624,-95.04554667302972
32.55347157636986,-90.8485433407131
6.668356881849053,43.5325377525421
-44.60535093671321,-87.01118886267973
9.916415245131374,100.20588430275161
-46.114551015470376,86.60769430809695
41.27274258766124,21.265051536275145
-29.37851739332187,33.367404644098926
-11.508194698196183,13.482961933912687
50.46822451836632,83.13086640174762
31.853222279882086,90.35833763730912
-3.031615349723977,-48.95246551481959
12.2205639204529,9.39675542157509
29.852763478318277,-35.468195370805645
-10.46135306564722,-11.543577285595726
-18.806600447284065,97.76938245590297
66.4567896469206,-43.46210475858915
-35.84631044846347,-20.07522583886007
10.9840964800578,-11.962969214173315
-76.18561458304855,8.815329684201298
-8.902009681728977,-99.0454636682683
33.287133748659585,-94.78068522738901
6.697909798808017,46.001294021600586
-45.74948183772552,-90.84406826090618
10.038042380356476,104.20403473013387
-47.312418804391804,90.4241210085937
43.31924351413862,22.769566566105336
-30.63055699802241,35.955603821843276
-12.54451030907302,14.228094200824552
51.962088111571006,86.84144203969082
32.103405461139786,92.81422975682935
-3.493607030106212,-51.52040460854153
12.949792163891123,10.849477672017178
30.758953891607664,-37.641757681082055
-11.267397215291082,-12.166017469630296
-19.375899190439927,101.72866255979069
67.85286394428383,-47.21056798453145
-37.69256470204211,-21.229605618384607
11.59529645059371,-12.695733874226535
-77.64228477416312,12.540663488616449
-8.897441365360399,-103.04546105957814
34.005606653982106,-98.7156308031648
6.696699780530836,48.56176969531255
-46.88126782855565,-94.6806110367606
10.193842588008824,108.2009993653659
-48.469537460636694,94.2530995166778
45.16830637346972,24.18949305901142
-31.81182104907422,38.671731398480205
-13.526175008325941,14.98668696806531
53.32446925162189,90.60228205612779
31.967918907889313,93.70843035062668
-3.962029723542226,-54.120479542678375
13.590103398598904,12.404901322415897
31.59170562868123,-39.90940922027599
-12.085806330704909,-12.758361518160365
-19.970031550267098,105.68429231230877
69.14160328420358,-50.99727511787873
-39.46365754093251,-22.53410214276004
12.19629040126272,-13.436248525062181
-78.99659126071394,16.30441878625289
-8.890033347604952,-107.04545419973138
34.6957579193792,-102.65564238066946
6.637550775946571,51.1393813212535
-47.96330926595551,-98.53147929310872
10.43544466836475,112.19369625278019
-49.566527763713125,98.09973600521637
46.78712621924107,25.549663144583896
-32.90758947660158,41.45314826222764
-14.483984925747754,15.711206044093805
54.501927052659084,94.42505501914516
31.299777076599902,92.92676711210547
-4.448565817567157,-56.771795190373446
14.082943601154199,13.902172629324468
32.33956265801142,-42.276809919717536
-12.932615554262032,-13.363883690041925
-20.56744309564061,109.63942814378845
70.33497323966867,-54.815110649877624
-41.166043368410065,-24.03432955286545
12.814417604919486,-14.151343621047195
-80.30421468743447,20.084646421447847
-8.876807822826711,-111.04543233535841
35.355190580956624,-106.60091151785706
6.42752705434449,53.649100078095934
-48.986055820281415,-102.3985181454626
10.778593820149233,116.17895015430636
-50.620350453084995,101.95842201723718
48.201706412579036,26.832765239219743
-33.921797291361166,44.22795069830052
-15.378668745830167,16.434901805389046
55.51831822477501,98.29376914469707
30.247364072937252,91.3216512791403
-4.931378466746998,-59.431578308378405
14.48425680174366,15.345932004452315
33.028714033313406,-44.681715508570406
-13.700271482511264,-14.04804608364484
-21.167711783901073,113.59413135665969
71.43536853271534,-58.66077446761322
-42.7244312596526,-25.560323713298697
13.42579645891625,-14.817357677791021
-81.54424181402266,23.88758380264747
-8.829578819647999,-115.04515350329734
36.01026694525819,-110.54690631726233
6.005665015914642,55.96137449647777
-49.92395657732357,-106.28700656256503
11.195788883464846,120.15713419720144
-51.63143436481032,105.82852657957787
49.45299014998713,27.998155114765297
-34.86221011855411,46.96256219236397
-16.264774072219357,17.11194936044205
56.41095942019002,102.19289618754243
29.08666617298791,89.85960503187815
-5.403755099560475,-62.11203412757314
14.804640216077726,16.724277910199962
33.63134291209278,-47.15119559881478
-14.366851646865356,-14.79533329438797
-21.6862052171003,117.04039581385025
72.44640209946924,-62.530892182476286
-44.17372764289788,-27.182043350973405
14.073912268525904,-15.4967425797926
-82.6424240974096,27.7338801605033
-8.776274948237868,-119.04479832468995
36.62471552845275,-114.49943119872863
5.340158437231141,58.05225557402277
-50.5794441257817,-109.43644712080753
11.63887062726883,124.13251827528845
-52.55440293023901,109.72058632054157
50.55896383576703,29.00598198966247
-35.73511986416703,49.64820071014574
-17.106731716391174,17.77192727571184
57.2119102943329,106.11188555946087
27.97996098324868,88.8867887484304
-5.849722280073093,-64.74686211339422
15.055798670005357,18.055547767723784
34.15757994880032,-49.67003710495308
-14.926660140467156,-15.596208549477467
-22.076107833598968,119.66893453395576
73.3799014926739,-66.42043957039773
-45.46991001215312,-28.821389972649072
14.766213665465424,-16.147168455677622
-83.77871155408096,31.569092125416237
-8.713673651457732,-123.04430842939546
37.08783251863149,-117.7289351275738
4.514821010795302,59.92530085445927
-50.96641559974894,-111.88420526606293
12.091802504242436,128.1067921353566
-53.335344530055565,113.64128004717222
51.55010512669492,29.916825003216186
-36.58508819597458,52.22165862213644
-18.00306790143501,18.350954258752033
57.928306281855754,110.04720978867772
26.984826430514524,88.44951863380874
-6.261757066079013,-67.32111513027272
15.275677860989546,19.368930622482914
34.607378717676156,-52.131379416862764
-15.40131055343576,-16.44819406712021
-22.299717021879378,121.48721621912011
74.20930564689534,-70.3335059829392
-46.60940279736422,-30.49665102650091
15.411638216608218,-16.729489904136152
-84.69028122243081,34.94678621491905
-8.600801554566328,-127.04271559847459
37.42798237198879,-120.1002592881125
3.615867531131375,61.569590725219555
-51.146712496769915,-113.5921170187905
12.528403120431843,132.08289322838016
-53.91865273711989,117.59852044113003
52.44774871199191,30.74620354174132
-37.43593501606857,54.65046056285534
-18.871983180367174,18.912804869370657
58.573577887835654,113.99481976871832
26.17689968349326,88.45645697400401
-6.6345716010932225,-69.7543910073081
15.456229794161606,20.688068546413188
35.002862432074004,-54.46416006268795
-15.79713388430351,-17.360871883143112
-22.31006458923004,122.42380627806337
74.95144736122646,-74.26405628484983
-47.60442074525263,-32.12794082595685
16.10773240599427,-17.25601876832801
-85.2426164178467,36.81538110055707
-8.50571487755237,-130.87794424801592
37.62366620507086,-121.69469790958593
2.6858588938751025,63.02463029762612
-51.158146108521734,-114.72493805807932
12.906051159898817,136.06502606874182
-54.30434911419792,121.57988180437111
53.26020843007274,31.534482697187496
-38.263962875806016,56.92438418918166
-19.7498996227133,19.364912897773017
59.12320714466475,117.956878284192
25.573665446589892,88.80037143991812
-6.942410268516832,-72.07567604233196
15.578534727471137,21.94813580602452
35.28849838333707,-56.60819883353568
-16.039718713279754,-18.39066524096962
-22.0927352436596,122.54677260316048
75.5345234498443,-77.82368362975333
-48.43044290673633,-33.70915789905948
16.901433382174723,-17.745310761535652
-85.52646438800195,37.37927012269349
-8.466321823171418,-134.24872561172248
37.67875847608064,-122.74407327481866
1.795451423545878,64.31701565037534
-51.05049343288167,-115.4894553809781
13.154242995022933,140.05731874500913
-54.48538970452903,125.57578274216381
53.997880228333294,32.300802134986554
-39.04553407985425,59.01579423032826
-20.6287569457034,19.71427561501781
59.568780490720194,121.93198386685077
25.196028459108813,89.39058608350645
-7.175531354915493,-74.2392267843796
15.67169657194615,23.21460546583579
35.50353394747479,-58.547825390287976
-16.276679790311764,-19.4275356339084
-21.668380135827306,121.97898420771179
75.92494197777717,-80.65377165859007
-49.07912298711071,-35.26080130958014
17.655508776903275,-18.23251050186494
-85.60570737477246,37.012324415006354
-8.46985385398895,-137.20904890295583
37.601525684879164,-123.38718344578076
0.9701520568104456,65.46875221936628
-50.85246856903044,-115.96808230062882
13.18462565709237,144.05720335507547
-54.428701849122554,129.57538103287368
54.712614802558555,33.166827829382704
-39.793825529404735,60.94544055732091
-21.511534333582453,20.012329056303685
59.849347790744105,125.25771492772711
25.054783468058005,90.11627124898935
-7.387996414932802,-76.14428903011725
15.806583625549063,24.461772469468908
35.616847217043855,-60.270950221598056
-16.425532013349933,-20.532154982973708
-21.059020133300848,120.82512372611541
76.13522443557916,-82.61322380282508
-49.58872563576441,-36.78322953297999
18.416062262308458,-18.574777635085244
-85.52071695819942,36.57612934957454
-8.511935577267565,-139.6642003839263
37.40371660917203,-123.80823899190749
0.23890026995439018,66.46825306053995
-50.61599466594523,-116.28123931995692
12.955039801191605,147.77224718442946
-54.14253564289352,133.56513151409584
55.362566746779294,34.02404265248526
-40.463178598894864,62.70987103774351
-22.4011638921523,20.183261846376134
59.98488517739696,127.94674617857257
25.118426704477905,90.89160031654872
-7.536891725907662,-77.8510741253261
15.915175181721509,25.70036457292662
35.62485387003863,-61.81872971303911
-16.520051465297243,-21.635787088231957
-20.30235468724617,119.40510239388587
76.24000244653867,-83.93834053378559
-49.96842021542748,-38.25436640209495
19.1695555799456,-18.832829111805
-85.3376773729145,36.31257754548771
-8.606270738680081,-141.62656268891155
37.158687044803344,-124.09740884081292
-0.38447024953525766,67.29750487909008
-50.359602662114604,-116.5002776833004
12.576184650647496,150.83709965701584
-53.67189415924494,137.53734709156254
55.95960294280172,34.872186843692155
-41.16802964473269,64.25013759293198
-23.265765102710315,20.29844746929983
60.01914302146511,130.17618702856277
25.33718012490342,91.65056395280935
-7.647956510383263,-79.33269762017171
16.001870325548964,26.881304357938212
35.55598205566243,-63.17421991989529
-16.552458741329644,-22.726340806554667
-19.530113131254268,118.03308649696018
76.25967572526524,-84.91058708291656
-50.22290180039839,-39.76676330970913
19.91532205425473,-18.99621899953874
-85.09938339753856,36.13034790845093
-8.685029739289803,-143.15017191917644
36.86851675887755,-124.31621393074708
-0.955168224598105,68.04259638073833
-50.076122730608354,-116.71125368844946
12.1394668899317,153.31611870158335
-53.04412715646546,141.43021803570116
56.477124702476765,35.731314967116404
-41.819380404437794,65.69391347280593
-24.10762857161449,20.33390345440555
59.96693508113425,132.1014632689337
25.64840402874859,92.36876116940259
-7.737439103412559,-80.66692386339794
16.037944759068836,27.974031481723507
35.41359972459531,-64.36266364534572
-16.49383897130478,-23.788330167334333
-18.814550656909798,116.88778615315742
76.21809899452612,-85.38982149888554
-50.39755463456186,-41.23075400839058
20.661235830179876,-19.119540206058925
-84.84783619409306,36.28685558739477
-8.726309656691612,-144.39512878665255
36.56239265761482,-124.48606242263
-1.4525880821975747,68.64951837391484
-49.80350422232765,-116.7895552480303
11.733840981776574,155.31634711092906
-52.37241500952777,144.71065454439776
56.93976772534164,36.57546541409726
-42.385258881533396,67.07023414274681
-24.868589407459723,20.305531327859793
59.87330499399957,133.81319891603377
26.03167701298485,93.01017863706466
-7.804037517554614,-81.80398772779115
16.09430799406555,29.03104535868865
35.203870201894944,-65.41538880490833
-16.361493104085174,-24.803811659165998
-18.17040976924898,116.00801684640025
76.14836422722328,-85.5711456848527
-50.517068928289916,-42.58485651679823
21.41499953200568,-19.1594173819852
-84.59073363120827,36.96722292147669
-8.75414927347857,-145.2992225960166
36.2880691029804,-124.65881915739183
-1.8657894278838252,69.16077841162846
-49.55717930326028,-116.8177866417227
11.376285519799946,156.91617989589102
-51.72303774428914,147.46957836130048
57.39034132607087,37.39853659666807
-42.94473435494743,68.32165320786365
-25.565655608064986,20.20047978948319
59.751895350398584,135.35163184828136
26.42749283231217,93.59961530192427
-7.846531930582993,-82.80134289145508
16.1526155299751,29.987598334401564
34.929116610462636,-66.34960915362083
-16.145836504152545,-25.80081874305711
-17.620537428907397,115.35964444413152
76.02914562132148,-85.60800714954688
-50.577852055052695,-43.846358208638584
22.162125707143794,-19.107902974433404
-84.35745462760434,37.86605290974215
-8.755611032545735,-145.96246912117164
36.06124399273107,-124.85682109405505
-2.2649023093495053,69.60573387644973
-49.33744016803951,-116.8681666504524
11.048580421007644,158.20344037193084
-51.116291654960825,149.73973874720545
57.777050609825665,38.20812165227178
-43.46259706705591,69.53341026012993
-26.21745543876072,20.07545047130664
59.62608957826144,136.76089013774973
26.81272301378696,94.14026346681179
-7.874171592381547,-83.69818587607318
16.196627071660345,30.82781737020704
34.63649693885218,-67.14920206935142
-15.860894491907459,-26.791314292557896
-17.136306976669932,114.91888417171454
75.8918194682221,-85.48655064940205
-50.58839118259285,-45.06436507517848
22.8930577654903,-18.98966837467644
-84.20548750396125,38.73568117417263
-8.75435588226354,-146.4575064409251
35.83463003783698,-125.03719423386156
-2.6043136165169236,69.97047135066018
-49.136614296842524,-116.93721479325393
10.785949973501586,159.2240995141189
-50.53924287116102,151.64427198953132
58.11843812897671,38.977924419016865
-43.91101391198561,70.6439956803645
-26.81308670155338,19.888023215417814
59.50294051043967,138.1293238267268
27.18420618855204,94.6274477700022
-7.886194123824152,-84.4978361496689
16.223177766963097,31.571523398740688
34.286144119531876,-67.87435372651778
-15.54416879769881,-27.75212097314169
-16.732430981870504,114.65975575095636
75.73278336564498,-85.23761291482218
-50.57617821569006,-46.18772987351088
23.585248008806627,-18.826945156789765
-84.10790012941379,39.62719292619013
-8.737125548883375,-146.82042285005997
35.65365226464854,-125.23149463031308
-2.898994103931528,70.28571698774186
-48.96902035784489,-117.03266752427449
10.556933914198707,160.07014142744532
-50.01510261607065,153.19775738946896
58.445495187939,39.72206036734402
-44.31997174828698,71.70290932894265
-27.354042458828147,19.65451015600639
59.39531350945982,139.3985918616019
27.523892704766244,95.0575632498484
-7.906008222836943,-85.1902557523149
16.22608239697238,32.23379346493132
33.946378399964324,-68.49527675910747
-15.17509314693049,-28.66156233759907
-16.36478986151527,114.52497815685011
75.54052052769387,-84.94125128625535
-50.522906771532455,-47.26943529160216
24.251254195673784,-18.633347145637067
-84.04515742892319,40.3900834354349
-8.694826293630385,-147.0085334401546
35.49519485887617,-125.40461036986255
-3.195698290017389,70.55380038078603
-48.81513429439885,-117.12241872248278
10.361628879137157,160.7929317417278
-49.57785144952805,154.53289982949173
58.72878883355314,40.41971647978535
-44.64818985670269,72.70774426967905
-27.82422948211381,19.41877205499052
59.30803617832017,140.56097101743774
27.85290321326919,95.4639128217152
-7.923577373199277,-85.85204860783278
16.217676859865563,32.833803543058025
33.60198025643525,-69.07549707401786
-14.770350013522972,-29.537731027497564
-16.026867751281102,114.50493905384566
75.3471944895293,-84.65221042644377
-50.4589572422148,-48.23585904940648
24.878282375666803,-18.425696856635383
-84.00019685826089,40.96665487463149
-8.66323556286397,-147.17725099089282
35.36036355904725,-125.60989154378485
-3.4367354301537048,70.79905985173654
-48.67875430376227,-117.25192561720358
10.192626761035816,161.38150474949774
-49.2286984317371,155.6032318409762
58.97362207545511,41.137867912178706
-44.947652117942944,73.64101016435929
-28.287500211738216,19.158399580831954
59.24032470099127,141.65208314979662
28.13575207427996,95.83579689837958
-7.955570513949275,-86.43350810129161
16.2337367933859,33.34647376819988
33.244674528554036,-69.57774627068481
-14.358946543830555,-30.368432177780665
-15.723956951049951,114.56677414379628
75.14796130365926,-84.2409968351236
-50.37712518975944,-49.13072260580656
25.45805333569743,-18.201529480171793
-83.99453638401286,41.5516107417595
-8.61522182567597,-147.27206249321577
35.26142524849579,-125.78317714981837
-3.691599981113967,71.01190014044455
-48.58061067173218,-117.36986191699127
10.045583127969824,161.8975598753174
-48.90514602545829,156.54907826635585
59.21223021238001,41.824325901161316
-45.231957632674614,74.5130396405534
-28.703110087083456,18.86279696840351
59.16554124970181,142.65969247581813
28.396338143772805,96.15342994437337
-8.002532831232694,-86.9301677372442
16.22191174012754,33.788881920997525
32.89071690448306,-70.04141090449484
-13.928813314415896,-31.15898601365728
-15.43213262730123,114.68702602014527
74.93659415675572,-83.83848274194813
-50.28305667272886,-49.92662425175909
25.983816206995172,-17.98706607957609
-84.01503808978606,41.72497435554596
-8.569425335031713,-147.2658712748212
35.20099433273965,-125.95075726306165
-3.933380716077021,71.21436910893888
-48.498502057960536,-117.54827936299517
9.95228124473239,162.32676656868105
-48.60120249976378,157.31486108844894
59.442580620139864,42.482904971814754
-45.45888080422867,75.3072195765353
-29.074144922720524,18.55950159143146
59.12803293126343,143.60063593457872
28.626315374419516,96.44607800229804
-8.033380424494366,-87.44723074680869
16.217609258582943,34.1916002897928
32.57109706407668,-70.45078271451479
-13.497888968383199,-31.89766372882573
-15.16281907079666,114.83663865699035
74.71922666496667,-83.37278410115424
-50.160911323605646,-50.67530844074438
26.464321900401124,-17.756168007537184
-84.05893238224125,41.778096301869404
-8.525107923625262,-147.33167091761047
35.160582562022306,-126.11264621452656
-4.1393666181677204,71.41134731846732
-48.43673909387479,-117.74591768657783
9.865816607686266,162.70714802722816
-48.33422200104885,157.94025014636668
59.645189325911545,43.09753813708178
-45.67084805894597,76.07453201323403
-29.40333139682566,18.238620526392914
59.09445286991342,144.45312011299467
28.823109380545688,96.70659320522668
-8.05349196167843,-87.91538830537903
16.209151773653232,34.558884942852465
32.27624842457273,-70.79675874139254
-13.066329918764607,-32.59229542314072
-14.920566391698824,115.02734742601332
74.51347297303627,-82.85303358792886
-50.04289927093297,-51.37250440256389
26.903493091758545,-17.538874330253208
-84.10796229109309,41.76856754718509
-8.476263919241154,-147.3369977506794
35.158139319124544,-126.24758488124135
-4.377298218425718,71.58132310718007
-48.354487741948546,-117.87635880573151
9.80158664471296,163.03628858000096
-48.12742747870578,158.5478052667746
59.80058612219068,43.65843672880246
-45.869689782045214,76.75876568307586
-29.72584382009735,17.907627138530536
59.09801144796526,145.2275764315005
29.016792767449008,96.95625201380682
-8.077264962081372,-88.33588260144239
16.17752451386709,34.865191771330295
31.99098996191205,-71.12708041021286
-12.665944670006958,-33.25577150719914
-14.688350152903663,115.21060036464817
74.30737828360489,-82.29446026274134
-49.93541867939686,-52.0021176361437
27.294640919666474,-17.35255552088411
-84.18469432579708,41.793271870002584
-8.42921348862462,-147.3178536076199
35.17979449890958,-126.41235129830002
-4.591138058049311,71.73506177732445
-48.27709169565131,-118.02847078837425
9.728486042021622,163.34537247534328
-47.94276430231193,159.0752092836012
59.92410715469129,44.19881502539341
-46.02330789415287,77.37434559850207
-30.024076392818575,17.59783656979755
59.10115494779456,145.9590357318049
29.170782049333045,97.17566380260558
-8.10796252614178,-88.69816600317213
16.14270438463918,35.14662674115048
31.730587241518386,-71.4355230197332
-12.259767149784746,-33.863887764476495
-14.459238869014463,115.39432806889126
74.11726167261338,-81.73701955292955
-49.8086828318151,-52.57241957887278
27.64645509433182,-17.14409583704858
-84.26789325483936,41.71355623711984
-8.36515784839726,-147.24538216646812
35.196143299880795,-126.55269577484373
-4.772341227451682,71.88370509756139
-48.22086279979318,-118.20443025808306
9.65073596126679,163.6259195059695
-47.78859824752707,159.47700533108406
60.045454055432955,44.71526195861966
-46.16399008654955,77.96755568330126
-30.29425274315348,17.267286608531748
59.11362623868987,146.67086193443117
29.304853403049382,97.39977282166528
-8.116471047777958,-89.05440168674158
16.08078880276423,35.405425468460784
31.513562549755623,-71.70560413553025
-11.882080692610009,-34.45410854476529
-14.252601886021111,115.60083768689485
73.9391787399263,-81.22500867745512
-49.683532202654135,-53.11034178064828
27.946793406155503,-16.955643524016075
-84.33501689856058,41.569369713669644
-8.335374818597263,-147.20507935821757
35.23420247038256,-126.68070169467538
-4.983219716514693,72.00065848051806
-48.177817572409566,-118.38774975327598
9.593129599915049,163.8944895592801
-47.66001044061961,159.83285774798
60.161499196969984,45.18805259178515
-46.31623180137487,78.51198250425473
-30.526591934498196,16.944151997073543
59.12988951191856,147.291055892587
29.432987459787928,97.58783144572651
-8.14642090028987,-89.43887977169555
16.029540470625758,35.6353008213706
31.284605065671983,-71.97038566318096
-11.513379340238734,-35.01072391653121
-14.051440371668864,115.78666760038395
73.74528701877448,-80.72300483472793
-49.56094792488567,-53.596146118860375
28.207700943754844,-16.77360208458348
-84.399593773592,41.23528665664158
-8.29738571403991,-147.25533486831932
35.27103077636317,-126.79504160848424
-5.1871015398405,72.10994630202902
-48.136789516636924,-118.55866488795753
9.550767500697976,164.12631622063932
-47.54370372868271,160.10879589150449
60.26081747421985,45.60548821748127
-46.448489592288304,78.97030855419764
-30.732282355592503,16.62531928051348
59.17338560433534,147.86898662811558
29.5433078371921,97.75518802028012
-8.153771882979756,-89.76638058343048
15.9830055940883,35.84286871270937
31.087893758191704,-72.19624897177849
-11.164103045498678,-35.521769438709924
-13.855693948545127,115.97544694541034
73.56062369534537,-80.24540370569906
-49.424119427852105,-54.044571642429155
28.419245847424257,-16.601515093797566
-84.46606317564992,40.736229230784474
-8.255919060399378,-147.25984511167053
35.30486864479141,-126.89095083370918
-5.35315209311181,72.22139709621246
-48.12371665129417,-118.77165363596613
9.523769677544301,164.3488078924344
-47.4311728447798,160.3762881663528
60.345776755225764,45.99674773528744
-46.549847518780155,79.40682860366644
-30.92191035956342,16.29593849143437
59.22668113700016,148.40983399102697
29.64954953213724,97.90948802029956
-8.179940764767341,-90.08591214044736
15.919295275992189,36.02537982989828
30.912197495800577,-72.40991324099488
-10.834246521912604,-36.02189805823101
-13.661282179621653,116.17044573532186
73.38967176657083,-79.7716784920791
-49.27965398383462,-54.509615837861354
28.602122986379683,-16.425686280824802
-84.51069667504665,40.06056316989478
-8.201267462307506,-147.2234407896714
35.352590003450295,-126.98669556468064
-5.511753671865537,72.33440928317634
-48.102516170938884,-118.95446995255504
9.500612662115211,164.56244816500543
-47.33186330668189,160.56474558112407
60.423975832451454,46.34305975767156
-46.67607743844783,79.82981317963701
-31.08496579356044,15.984339366394273
59.28443383932568,148.86306489984673
29.741016894844925,98.04366310367817
-8.191775230357118,-90.36386203847702
15.876015623229348,36.205582932672385
30.75588191064938,-72.60823664705896
-10.534125907058844,-36.52482819840067
-13.477656976244106,116.34389652138367
73.23291072010802,-79.35324763036039
-49.15466423143162,-54.910059126717094
28.722204708124064,-16.267268308399554
-84.55381754728197,39.46471657828159
-8.14908641182764,-147.1790958013865
35.40044727082196,-127.06908152967605
-5.705000021772676,72.42184554942057
-48.08472094215175,-119.15050867515187
9.504730193470557,164.77215914486874
-47.26170390067015,160.7478812223309
60.49028985154936,46.69133152916958
-46.78413342780031,80.2054043524935
-31.249127461080747,15.685766971375651
59.353708029481766,149.31946821067456
29.818306103624845,98.17513797814865
-8.203895645927156,-90.62605310684675
15.818010613567992,36.36271881043613
30.614906831028296,-72.79102317177916
-10.250544800926127,-37.00616671383603
-13.313117546724767,116.53353337907203
73.07603702647998,-78.87094972418087
-49.02682039759805,-55.30695316879946
28.83009679078044,-16.11665224313877
-84.5993778604085,38.80181361825462
-8.096439092322477,-147.13361378392213
35.46526798993629,-127.15136837293619
-5.888520297964636,72.51178028723565
-48.08705050736833,-119.35658954579587
9.49718877004407,164.95233620659562
-47.190450868622875,160.93007762682575
60.527188577915304,47.03049180551387
-46.87988190450528,80.54842115880243
-31.394317961879878,15.391016081679956
59.42248189544727,149.7186453878696
29.885241788325438,98.29811192821128
-8.217137510303152,-90.85746631169073
15.775954682841325,36.50658919739789
30.467995146130356,-72.97660004449148
-10.010881657085955,-37.471150887450534
-13.149309924456048,116.70325809291799
72.91294176232354,-78.331569382069
-48.90148522368189,-55.686082056423636
28.88357497926691,-15.968753528175474
-84.64784537794584,38.257471429521004
-8.05798639375863,-147.0818439896445
35.549557458404564,-127.23505000103461
-6.052686128525128,72.5935246178843
-48.085202001359036,-119.52197912629435
9.499949126981365,165.12838121832974
-47.13280951474255,161.05546246424888
60.57768793298101,47.31346876910224
-46.949792443209176,80.78992849291029
-31.527023249424403,15.086950743020548
59.48441497843096,150.07619027711016
29.950802671917806,98.4035447395198
-8.212284292656888,-91.08366280808329
15.724938576695685,36.641239986423514
30.35396523162435,-73.14313976807513
-9.772157955255478,-37.918059573865506
-13.006078932422422,116.8645586804414
72.76858999711645,-77.85027650408583
-48.767246506180626,-56.035208242235925
28.927328770344598,-15.85222557358001
-84.68731945381928,37.633369336253914
-8.020530414220238,-147.03011494287625
35.628216873005414,-127.30457793145958
-6.1971653678646295,72.67531525729547
-48.08910798623657,-119.67465717908416
9.517489579417541,165.29749190874043
-47.0870445478006,161.14331133940527
60.62735031006635,47.55685568684071
-47.025057034319474,81.05269167407246
-31.63963985247087,14.78384123153577
59.54677212179092,150.42595075881698
30.0064720383028,98.48549950252188
-8.223641981614206,-91.37212815215511
15.67706694769736,36.75943819884281
30.25434670624881,-73.29963697804034
-9.537930297496702,-38.33828791024754
-12.861510674958778,117.03321288955826
72.6381366088252,-77.38770460343864
-48.642847833455754,-56.355251304112485
28.939405506205055,-15.74419297954454
-84.72353439771894,36.999772315926045
-7.99519098620473,-147.09106327883967
35.69381245060019,-127.3693387453898
-6.360702923986288,72.73301644191662
-48.097076254666824,-119.84114615846215
9.525221627116975,165.45273135566197
-47.02165541085388,161.30359937506233
60.68234390594584,47.77800378162132
-47.105533944040076,81.35516294465619
-31.743019750815968,14.483834327020865
59.62219702909102,150.74576162441065
30.05342867988446,98.57432533597257
-8.217483123370203,-91.62421947906677
15.639589144299572,36.87613125029339
30.166993596067517,-73.44703927171636
-9.345345182050309,-38.737725789237835
-12.731802529924622,117.18285140475544
72.51641614195468,-76.93910244794402
-48.510389049541054,-56.685871590495346
28.931991783898283,-15.622268425236737
-84.74910953768415,36.24036707839265
-7.963294292310063,-147.12100724281404
35.76306743160258,-127.42442441936232
-6.512869467869441,72.77319704294597
-48.11329797454759,-120.02472606367814
9.555282902890509,165.58751205185888
-46.96444643804793,161.42032477339706
60.727573274748195,47.96336832246402
-47.18055079847549,81.57907471908449
-31.839980238126323,14.212354952886248
59.6923293201289,151.03729486710387
30.09716504851001,98.6349502537196
-8.21777872213977,-91.87764082281939
15.597623815233016,36.972230984672215
30.099650041210776,-73.58643600971966
-9.155483642630525,-39.18001795628978
-12.614012968134706,117.31745496800866
72.40728843818125,-76.55047834390253
-48.36455440300147,-57.025180337384214
28.918375925238927,-15.514533574525114
-84.76929973682013,35.50082927753586
-7.9184425146324875,-147.1186043251786
35.81855908052205,-127.46477909874234
-6.661071736459629,72.8151416275101
-48.13085828604943,-120.1561617685358
9.594757900369036,165.70904821051516
-46.917082680696474,161.4994010556939
60.7596042614017,48.135424296884715
-47.24934305149482,81.76408777038424
-31.914864909245242,13.942339041399809
59.76272645900078,151.29511367930263
30.138351090634348,98.70345393546715
-8.218257276595514,-92.08347088103918
15.55306793238023,37.09071185773703
30.03049399592206,-73.71742205305824
-8.97255671044462,-39.56818213923654
-12.50571340155858,117.45229684620844
72.30697468898467,-76.14164149001174
-48.234526956967194,-57.31785649522328
28.879156193110234,-15.418719572264386
-84.7827955366271,34.622269204454454
-7.874490300200123,-147.10132675876415
35.885790717546165,-127.50120326674414
-6.7884199841509245,72.88051480329456
-48.143234022143545,-120.26160702253169
9.631884589249964,165.8329484803325
-46.87113694381273,161.56159211833304
60.787500178679146,48.30162280732318
-47.310245014954745,81.90266842763099
-31.98565756749294,13.666168765841768
59.82690992514821,151.52827829912778
30.167673076376264,98.75734622422394
-8.205580334803297,-92.25028413542861
15.502842126979688,37.19770026746927
29.97615007978011,-73.83553860461716
-8.797202288500355,-39.915482647698376
-12.39170381548134,117.56570903302317
72.1979011819051,-75.70682224580476
-48.10487997646847,-57.568217025762806
28.8321744253232,-15.317252222995691
-84.79449614498745,33.773942690949795
-7.827845436621048,-147.08069067231452
35.96956684284185,-127.54447095771016
-6.910686565109747,72.93236475104355
-48.148509408785905,-120.3608201777436
9.672743872134445,165.9223512235161
-46.82956401528917,161.61382308117862
60.80607355295604,48.44863337745657
-47.369318069657815,82.01083417106506
-32.04401332754506,13.407198375302432
59.90070529594698,151.7420170479678
30.195058710874477,98.80188373572844
-8.190620851189117,-92.4586623341772
15.455608618624694,37.30046951329705
29.927049382942595,-73.95613613183366
-8.648933241135573,-40.345203176873255
-12.288885068286476,117.67258980711573
72.08914149042913,-75.27075718846051
-47.98881815117519,-57.77556253336844
28.75925371675787,-15.230694971941537
-84.80380253282266,32.91877623004012
-7.772640592459255,-147.06760869074745
36.05381734740633,-127.59440809550253
-7.022072078823853,72.98436526114745
-48.15806410278676,-120.55799328365191
9.719553357278656,166.0133178368113
-46.789820081592474,161.67104792386743
60.816018182003106,48.55146216320457
-47.44094343810719,82.18295795583495
-32.09490930366112,13.162332510888573
59.97468349345482,151.93854359455764
30.22740754492235,98.83971904451873
-8.186471792358851,-92.64566302554567
15.412537794609023,37.38402138135219
29.853976274888954,-74.06388839934063
-8.500023755032869,-40.727003372458626
-12.19055162935935,117.78730625583677
71.9781848604679,-74.85357408413887
-47.883807770437876,-58.07991836261563
28.671854760784665,-15.154236966089364
-84.81282398852676,32.109044020217155
-7.733797514940706,-147.04985294374316
36.14209085535527,-127.6461805238534
-7.151745653716618,73.01370109833692
-48.15382173942422,-120.74100568388013
9.741223456991596,166.11750897442337
-46.749896051132275,161.73820124221064
60.8206480630846,48.62516345780484
-47.51996733305125,82.3521934048407
-32.13990976526935,12.916911588058612
60.044001909996624,152.10012109301823
30.252951805155135,98.86980903407591
-8.174223109803325,-92.78665080912052
15.358836188045672,37.46405828249914
29.793743743263683,-74.17562991684574
-8.367895264405808,-41.05970478541541
-12.102225782418316,117.88587312971607
71.86670376697458,-74.42193946789914
-47.802251899613424,-58.38040634064713
28.573059779723813,-15.078737943746606
-84.81532319591497,31.28856893865481
-7.696037025718356,-147.02568454545408
36.22862939064422,-127.6994796915795
-7.281451719838789,73.03895056270366
-48.14949589394423,-120.86581677043327
9.75866889175256,166.20814571133155
-46.7243740131606,161.80331956633222
60.822349080576366,48.68287852940301
-47.59921784410787,82.50791002964873
-32.190155841354816,12.685705046926119
60.10984721604389,152.23309079221266
30.27627007499256,98.89447623742335
-8.158960721638866,-92.89921178623547
15.297203830444488,37.55268742168756
29.753768546256794,-74.27860257424803
-8.239329492356417,-41.335918071715575
-12.024967935291269,117.97546796396433
71.77059429854047,-74.02023081998517
-47.729250067046564,-58.62906897782171
28.466312124651203,-15.005340642022805
-84.81651545245832,30.61594126056679
-7.662791872944086,-147.01217569061802
36.31090033593575,-127.74025878717933
-7.418563278203026,73.0839462329705
-48.149791545282014,-120.96680589834484
9.779187402512925,166.27559048044043
-46.701176109617585,161.84254193887952
60.81954934129472,48.71890041476287
-47.656328076824366,82.63612659928008
-32.23677428088834,12.46121058369024
60.17702964722611,152.36261968531534
30.29508552043754,98.9296041241726
-8.141972899568046,-93.10804084769994
15.245154180178705,37.62666369531464
29.72620316515056,-74.37334812593019
-8.125114908355158,-41.7392313224434
-11.956990256497193,118.04768197503942
71.69084364133863,-73.65252509514347
-47.64467747520921,-58.84625014997465
28.366385397107557,-14.947943204525446
-84.81036459046577,29.860419740848815
-7.622066249819864,-147.01565763158598
36.386052660598516,-127.77630860713778
-7.5263982832881915,73.11124809449595
-48.15743257385722,-121.07399040081805
9.7957606193586,166.33455688780182
-46.6818682501415,161.86698892669386
60.807606241430236,48.76023058309268
-47.71566580917315,82.73942773375818
-32.25883477671032,12.240077596029112
60.233626885611294,152.46500514791356
30.302643913455462,98.96048051859495
-8.124345993742514,-93.31546486924631
15.199773417371045,37.706509392510505
29.696353180694768,-74.45941619966743
-8.025227656012731,-42.09283838258525
-11.888143786656062,118.11323971247772
71.61781561688846,-73.2495523633832
-47.56010194081102,-59.04106265235468
28.245586903574278,-14.887832130102476
-84.80461553856976,29.233434782357197
-7.57974452144834,-147.06236203412197
36.47173034316834,-127.80967747639875
-7.635257960696589,73.14046157272847
-48.182431518082105,-121.21418309310128
9.8152911757475,166.40858241657088
-46.66176764657522,161.8758242250056
60.7882124243986,48.780363700991494
-47.772223690380635,82.79592826115524
-32.292678641989674,12.014284236678032
60.28868889368023,152.55189630741205
30.314507238657246,98.98209038318748
-8.096782721341345,-93.50157101910126
15.136588320851551,37.793051746855795
29.678782687106743,-74.53808647051261
-7.9237265017496075,-42.375486089968625
-11.819281825023333,118.1840188908053
71.55887854737495,-72.84792277512638
-47.467559488141184,-59.28187362450177
28.119947734773326,-14.8342560514627
-84.79826392287414,28.61885430591753
-7.552802755992637,-147.12000130573952
36.56455640741049,-127.8341271067767
-7.732795944350537,73.17816358531931
-48.19507576326155,-121.35438527903865
9.846080465702627,166.46666936831693
-46.641824150949525,161.87166918771473
60.76302626484434,48.774118754797676
-47.81505825491972,82.84539648167346
-32.31356669467689,11.793441816590724
60.341372312245156,152.63916364916105
30.32671810656706,98.98480276368979
-8.062314191174583,-93.63360197503154
15.065909740244685,37.87935615852858
29.674115621364802,-74.61819793817912
-7.8162467472676544,-42.629555680772576
-11.747844272298895,118.2527650869619
71.50148053260331,-72.45759726065585
-47.38677607974155,-59.51509329360598
27.99916670973314,-14.778620729351035
-84.79443130930248,28.027005152028586
-7.524024111919671,-147.16237380122388
36.65769357200922,-127.87126628229736
-7.81965904359981,73.2053380570027
-48.18983818071498,-121.48548575614329
9.875262911959148,166.5049016864996
-46.62803591955225,161.85917401272596
60.73366845878093,48.77476208970588
-47.859109664392264,82.88242812108429
-32.33645413964049,11.608987457497108
60.39600950640797,152.70038824290546
30.334928292822767,98.98215822174423
-8.023465821081423,-93.84155939486719
15.006122366432779,37.94295809731041
29.67686380506064,-74.6886624577111
-7.731427728020559,-42.99530511068308
-11.69256271397093,118.31302507115359
71.4416443975477,-72.06063970913148
-47.305462251793564,-59.721161721363174
27.878264333512004,-14.719556414603483
-84.79441933398223,27.321021017021888
-7.48829730095078,-147.1906015751473
36.751573149233714,-127.90878971081685
-7.901389977439424,73.24072281579483
-48.19511789884384,-121.59589788813098
9.896848493305948,166.53078864984678
-46.616901672408105,161.83292044148365
60.69838859923595,48.782313168193014
-47.89938147767057,82.89318994406464
-32.359028561610366,11.40233954613637
60.45932293818835,152.76195310854402
30.347042071594036,98.98595606503457
-7.9903773712210935,-93.98697996529714
14.926912842441684,38.002104782066674
29.6927477354227,-74.76438488625689
-7.6444200878399755,-43.31313538569459
-11.645188949574539,118.3528454701989
71.38523349008706,-71.67298948840062
-47.21276213171396,-59.90149584736168
27.7579342478699,-14.667771796145196
-84.79104382718201,26.462368487282262
-7.459875510978341,-147.20423774495958
36.839249407996064,-127.95400699508518
-7.977662816759885,73.2824798958999
-48.19201509317735,-121.70047618192105
9.912598264758573,166.5567611733681
-46.60798997925597,161.80420973862977
60.66662800485356,48.7830256789791
-47.93605726972811,82.8909424082907
-32.38003254814164,11.219288462917849
60.525562092914846,152.8350067339173
30.359000955785987,98.98917641000838
-7.940388767165397,-94.1018159647455
14.850835836574037,38.062780459621315
29.71402693506976,-74.83669507134923
-7.575488188276309,-43.56181886860229
-11.60921079288174,118.38462000075769
71.33336638137261,-71.3209317937269
-47.117897451792324,-60.08902305980401
27.63725667526497,-14.62114704375027
-84.782326241821,25.723223727981672
-7.420658511574884,-147.21798469110598
36.919254382592946,-128.00038563061966
-8.054876133717194,73.32152030186356
-48.19703842983018,-121.8183714749172
9.925792721932128,166.57790986311778
-46.60323979256265,161.77647999698812
60.63633216301429,48.78132450739846
-47.97652662512831,82.89517344457266
-32.396179121555626,11.021502466341367
60.59249956972257,152.89509722440377
30.37020765371622,99.00139955751999
-7.905201515946919,-94.18809516978554
14.784667508937746,38.112087376069496
29.73298122071202,-74.9119663936144
-7.497984651618352,-43.78797101299094
-11.584121049216698,118.41094452891764
71.28392449357817,-70.96896465875759
-47.03551712372935,-60.287978401012914
27.52350115505278,-14.573103552377571
-84.77072924370412,25.04719631605688
-7.394222684357366,-147.22331713287102
36.99461595501949,-128.04161588271486
-8.129808610704604,73.34333164234737
